{
    "RT_compo2stl_init": {
        "R": {
            "$array": [
                -1.0385974673292717,
                0.6120744576076633,
                -0.11393396988810374
            ]
        },
        "T": {
            "$array": [
                -0.11798242562436606,
                -0.10623472515358394,
                -0.16255185947527484
            ]
        }
    },
    "RT_compo2stl_full": {
        "R": {
            "$array": [
                -1.006567035513022,
                0.6180317463784207,
                -0.1134055116631325
            ]
        },
        "T": {
            "$array": [
                -0.12367611021224567,
                -0.10295727041161717,
                -0.16407020424513938
            ]
        }
    },
    "data_stl": {
        "SAA": {
            "$array": [
                [
                    -0.10929911041259766
                ],
                [
                    -0.019105747222900392
                ],
                [
                    -0.10728864288330078
                ]
            ]
        },
        "SAE": {
            "$array": [
                [
                    -0.1132211456298828
                ],
                [
                    0.0007268035411834717
                ],
                [
                    -0.10256880950927734
                ]
            ]
        },
        "SAJ": {
            "$array": [
                [
                    -0.0937581558227539
                ],
                [
                    0.015751580238342285
                ],
                [
                    -0.1019861831665039
                ]
            ]
        },
        "SAT": {
            "$array": [
                [
                    -0.10923390197753906
                ],
                [
                    0.02167116165161133
                ],
                [
                    -0.10470591735839845
                ]
            ]
        },
        "SCT": {
            "$array": [
                [
                    -0.08907148742675781
                ],
                [
                    0.03436631011962891
                ],
                [
                    -0.13460052490234375
                ]
            ]
        },
        "SIA": {
            "$array": [
                [
                    -0.05632251358032227
                ],
                [
                    -0.07046524047851563
                ],
                [
                    -0.2443751983642578
                ]
            ]
        },
        "SRS": {
            "$array": [
                [
                    -0.020850059509277343
                ],
                [
                    -0.05391168212890625
                ],
                [
                    -0.14560133361816407
                ]
            ]
        },
        "SSA": {
            "$array": [
                [
                    -0.01818805503845215
                ],
                [
                    -0.011540518760681153
                ],
                [
                    -0.11751924896240235
                ]
            ]
        }
    },
    "data_compo": {
        "SAA": {
            "$array": [
                [
                    -0.0485145459746847,
                    -0.0013562737565699,
                    0.0915797976153528
                ],
                [
                    -0.0485942717404765,
                    -0.0012390783925591,
                    0.0916967882178865
                ],
                [
                    -0.048638714318002,
                    -0.0012072417294339,
                    0.0917110927388031
                ],
                [
                    -0.0485290633884886,
                    -0.0012424310534769,
                    0.091690730374308
                ],
                [
                    -0.0485378314770831,
                    -0.0011904783947674,
                    0.0916942733882389
                ],
                [
                    -0.0484271004177681,
                    -0.0011703287655615,
                    0.0917437261165501
                ],
                [
                    -0.048593448633864,
                    -0.0013743928697907,
                    0.0917264899847208
                ],
                [
                    -0.0488780569461851,
                    -0.0015588027839074,
                    0.0917387169604134
                ],
                [
                    -0.0487041550716865,
                    -0.0014442271486304,
                    0.0917679600467799
                ],
                [
                    -0.0482817022362122,
                    -0.0010084090002996,
                    0.0917545408200725
                ]
            ]
        },
        "SAE": {
            "$array": [
                [
                    -0.0601994808180923,
                    0.0057828900299933,
                    0.1082993456791322
                ],
                [
                    -0.0604193734852668,
                    0.0055850467783592,
                    0.1083054443316938
                ],
                [
                    -0.060457113558146,
                    0.0054467927339694,
                    0.1084591373251021
                ],
                [
                    -0.0605288830151908,
                    0.005516569345757,
                    0.1084795879446382
                ],
                [
                    -0.0602143592900999,
                    0.0057172155190577,
                    0.1084851169394624
                ],
                [
                    -0.0602642449889384,
                    0.0057109485674475,
                    0.1083522242014698
                ],
                [
                    -0.060509538749277,
                    0.0053874804539135,
                    0.1084280225160738
                ],
                [
                    -0.0604303177816684,
                    0.0055110842715458,
                    0.1084148495547294
                ],
                [
                    -0.0608101659722727,
                    0.0052133556178575,
                    0.1083796804564364
                ],
                [
                    -0.0603563497500925,
                    0.0056348063317742,
                    0.1084524010210044
                ]
            ]
        },