{
    "RT_compo2stl_init": {
        "R": {
            "$array": [
                0.0432920717042179,
                0.6097942187653711,
                -1.2058232563030784
            ]
        },
        "T": {
            "$array": [
                -0.06296790486164104,
                0.054066589333004275,
                -0.23771714591122522
            ]
        }
    },
    "RT_compo2stl_full": {
        "R": {
            "$array": [
                -0.14088107274399897,
                0.33628738838451444,
                -1.1413633487852073
            ]
        },
        "T": {
            "$array": [
                -0.049810014047291955,
                0.028977187251389185,
                -0.24561626722645785
            ]
        }
    },
    "data_stl": {
        "CAA": {
            "$array": [
                [
                    -0.030988206863403322
                ],
                [
                    0.029582735061645507
                ],
                [
                    -0.14550820922851562
                ]
            ]
        },
        "CAE": {
            "$array": [
                [
                    0.012137877464294435
                ],
                [
                    0.05653504180908203
                ],
                [
                    -0.16596719360351564
                ]
            ]
        },
        "CAJ": {
            "$array": [
                [
                    -0.04986236572265625
                ],
                [
                    0.02147246742248535
                ],
                [
                    -0.13454568481445311
                ]
            ]
        },
        "CAS": {
            "$array": [
                [
                    0.05653886032104492
                ],
                [
                    0.07269381713867187
                ],
                [
                    -0.19571961975097657
                ]
            ]
        },
        "CSJ": {
            "$array": [
                [
                    0.06565880584716798
                ],
                [
                    0.06413986206054688
                ],
                [
                    -0.18464971923828125
                ]
            ]
        }
    },
    "data_compo": {
        "CAA": {
            "$array": [
                [
                    -0.0145556492414729,
                    -0.0088805381604064,
                    0.1008162753937512
                ],
                [
                    -0.0145514602261809,
                    -0.0089264688240155,
                    0.1006868465506663
                ],
                [
                    -0.0145113497594561,
                    -0.0089280311305358,
                    0.1007911396142672
                ],
                [
                    -0.0142808042237556,
                    -0.0089667561248063,
                    0.1007038901731465
                ],
                [
                    -0.0143491282448466,
                    -0.0090140782118076,
                    0.1005999030242365
                ],
                [
                    -0.0145441128743581,
                    -0.0089743707101292,
                    0.1005910431243795
                ],
                [
                    -0.0145325716583507,
                    -0.0089872844443837,
                    0.1006116599984019
                ],
                [
                    -0.0143062517537769,
                    -0.0090030270357416,
                    0.1005735061493187
                ],
                [
                    -0.0146616395838833,
                    -0.0089860697777698,
                    0.1004892800830786
                ],
                [
                    -0.0144810287422749,
                    -0.0090316134892405,
                    0.1004686440155818
                ]
            ]
        },
        "CAE": {
            "$array": [
                [
                    -0.018074393742273,
                    0.0505683526822487,
                    0.0879390804433875
                ],
                [
                    -0.0181940353288765,
                    0.0505331972784924,
                    0.0879144060963928
                ],
                [
                    -0.018117666121582,
                    0.0505718637353788,
                    0.0879713438522098
                ],
                [
                    -0.0182566273652672,
                    0.0505800228288448,
                    0.088000048066243
                ],
                [
                    -0.018304770164686,
                    0.0505812429938584,
                    0.0880381562371952
                ],
                [
                    -0.0181483413277596,
                    0.0506185337285416,
                    0.0881924671324174
                ],
                [
                    -0.0183022277587939,
                    0.0506709614959623,
                    0.0881245588838352
                ],
                [
                    -0.0182174735311556,
                    0.0506451718194097,
                    0.0882121397638994
                ],
                [
                    -0.0179552869746304,
                    0.0507602599387015,
                    0.0881999351034756
                ],
                [
                    -0.0182020185058049,
                    0.0507773407455264,
                    0.0882099380646274
                ]
            ]
        },
        "CAJ": {
            "$array": [
                [
                    -0.0185420006544226,
                    -0.0316463418777586,
                    0.1038335715624755
                ],
                [
                    -0.018728407000634,
                    -0.0315940827298235,
                    0.1039046735813287
                ],
                [
                    -0.0185197193395261,
                    -0.0316286529363198,
                    0.103729982558954
                ],
                [
                    -0.0188662903736249,
                    -0.0315443508051516,
                    0.1038202982160072
                ],
                [
                    -0.0184072917049735,
                    -0.0317211487193725,
                    0.1037913470180358
                ],
                [
                    -0.0185472188791725,
                    -0.0316528436375066,
                    0.1038004296933956
                ],
                [
                    -0.0185795718031771,
                    -0.0316969014221419,
                    0.10376525940315
                ],
                [
                    -0.018803325711978,
                    -0.0315884180817848,
                    0.1037574317051758
                ],
                [
                    -0.0187730866897273,
                    -0.0316198299991278,
                    0.1037544875559377
                ],
                [
                    -0.0190727016188307,
                    -0.0315185908030388,
                    0.1037724792982999
                ]
            ]
        },