{
    "RT_compo2stl_init": {
        "R": {
            "$array": [
                -0.19867622702088744,
                1.3151225344786004,
                0.8475148357386479
            ]
        },
        "T": {
            "$array": [
                0.014732122632058385,
                -0.047194796163131866,
                -0.26713363806868035
            ]
        }
    },
    "RT_compo2stl_full": {
        "R": {
            "$array": [
                -0.5431516291351246,
                1.4173410167378901,
                0.5434932131356601
            ]
        },
        "T": {
            "$array": [
                0.016240105079333038,
                -0.07508708214360388,
                -0.23541881786717586
            ]
        }
    },
    "data_stl": {
        "HGT": {
            "$array": [
                [
                    0.10919908142089844
                ],
                [
                    0.016380043029785157
                ],
                [
                    -0.17622091674804688
                ]
            ]
        },
        "HLT": {
            "$array": [
                [
                    0.08010082244873047
                ],
                [
                    0.02348407745361328
                ],
                [
                    -0.1856581573486328
                ]
            ]
        }
    },
    "data_compo": {
        "HGT": {
            "$array": [
                [
                    -0.0537055537873082,
                    0.0104964011049072,
                    0.1353881313470886
                ],
                [
                    -0.0537055537873082,
                    0.0104964011049072,
                    0.1353881313470886
                ],
                [
                    -0.0535110378462087,
                    0.0101599287025141,
                    0.1356725418262345
                ],
                [
                    -0.0535193022391391,
                    0.0102463449258126,
                    0.135648506688171
                ],
                [
                    -0.0533982855179364,
                    0.0098827356046338,
                    0.1357920923594851
                ],
                [
                    -0.0536847695912217,
                    0.0105725230324357,
                    0.1353883392710126
                ],
                [
                    -0.0537139938639213,
                    0.0105818422508556,
                    0.1354486043241493
                ],
                [
                    -0.0536861872966312,
                    0.0104989639017071,
                    0.1354191230647792
                ],
                [
                    -0.0537154675491023,
                    0.0106765851336543,
                    0.1354653967454499
                ],
                [
                    -0.0534425027514624,
                    0.0101240840835895,
                    0.1357322903931966
                ]
            ]
        },
        "HLT": {
            "$array": [
                [
                    -0.0404610510021327,
                    0.0354720526630261,
                    0.1126972825410848
                ],
                [
                    -0.0404931663852461,
                    0.0356238070180079,
                    0.1127106116940172
                ],
                [
                    -0.0405886336604471,
                    0.0351737000866815,
                    0.112777732523115
                ],
                [
                    -0.0405640164438527,
                    0.0352231242402677,
                    0.112787743787622
                ],
                [
                    -0.0405640164438527,
                    0.0352231242402677,
                    0.112787743787622
                ],
                [
                    -0.0405478537330691,
                    0.0351992863092858,
                    0.1127481454761864
                ],
                [
                    -0.0404820927851715,
                    0.0354085156742317,
                    0.1127146109182396
                ],
                [
                    -0.0405311742253617,
                    0.0352212127903553,
                    0.1126987604132688
                ],
                [
                    -0.0405497327071672,
                    0.0352594819432245,
                    0.1126591723983397
                ],
                [
                    -0.0410698564600825,
                    0.0352472552215296,
                    0.112909875852742
                ]
            ]
        }
    }
}