{
    "RT_compo2stl_init": {
        "R": {
            "$array": [
                -0.9372960043021422,
                0.883879220401935,
                0.5909596718483928
            ]
        },
        "T": {
            "$array": [
                -0.08877613203294757,
                -0.11701571201960252,
                -0.17815398296696736
            ]
        }
    },
    "RT_compo2stl_full": {
        "R": {
            "$array": [
                -0.893521789210438,
                0.8459244879181133,
                0.6087027544520088
            ]
        },
        "T": {
            "$array": [
                -0.08649895987135693,
                -0.11692280731055157,
                -0.18574860020697048
            ]
        }
    },
    "data_stl": {
        "SAA": {
            "$array": [
                [
                    -0.0917102279663086
                ],
                [
                    -0.021011775970458984
                ],
                [
                    -0.12535435485839844
                ]
            ]
        },
        "SAE": {
            "$array": [
                [
                    -0.08911740875244141
                ],
                [
                    -0.004571074485778808
                ],
                [
                    -0.11839151000976562
                ]
            ]
        },
        "SAJ": {
            "$array": [
                [
                    -0.0756513900756836
                ],
                [
                    -0.0005863767266273499
                ],
                [
                    -0.11617994689941406
                ]
            ]
        },
        "SAT": {
            "$array": [
                [
                    -0.08217538452148437
                ],
                [
                    0.009856064796447754
                ],
                [
                    -0.11801639556884766
                ]
            ]
        },
        "SCT": {
            "$array": [
                [
                    -0.06995770263671876
                ],
                [
                    0.02433194732666016
                ],
                [
                    -0.1478191833496094
                ]
            ]
        },
        "SIA": {
            "$array": [
                [
                    -0.03831835556030273
                ],
                [
                    -0.07064556884765626
                ],
                [
                    -0.26923672485351563
                ]
            ]
        },
        "SRS": {
            "$array": [
                [
                    -0.0029557499885559083
                ],
                [
                    -0.05371092987060547
                ],
                [
                    -0.16589888000488281
                ]
            ]
        },
        "SSA": {
            "$array": [
                [
                    0.003305900573730469
                ],
                [
                    -0.007844404220581054
                ],
                [
                    -0.13974334716796874
                ]
            ]
        }
    },
    "data_compo": {
        "SAA": {
            "$array": [
                [
                    -0.029291339213516,
                    0.016917594882205,
                    0.0887608474713169
                ],
                [
                    -0.0293624679538411,
                    0.017015229550639,
                    0.0887655662763993
                ],
                [
                    -0.029282111197659,
                    0.0171667326510662,
                    0.0887394058207192
                ],
                [
                    -0.0292932610278143,
                    0.0171039781745074,
                    0.0887578661074467
                ],
                [
                    -0.0287835597910831,
                    0.016774633016005,
                    0.0884916918152964
                ],
                [
                    -0.0287434315017545,
                    0.01678914314222,
                    0.0884945629035143
                ],
                [
                    -0.029083529548749,
                    0.0170373893518638,
                    0.0885437219244766
                ],
                [
                    -0.0287770433645999,
                    0.0169554499973551,
                    0.0885029029336294
                ],
                [
                    -0.0287201070718301,
                    0.0168094310148103,
                    0.0885352108330743
                ],
                [
                    -0.0288648859263614,
                    0.0169639633545245,
                    0.088454397279433
                ]
            ]
        },
        "SAE": {
            "$array": [
                [
                    -0.0459051122489999,
                    0.0297471569491443,
                    0.110209072480825
                ],
                [
                    -0.0463723708889197,
                    0.0298476922382622,
                    0.1104428862522717
                ],
                [
                    -0.0458936881552015,
                    0.0296880801806019,
                    0.1102562277396199
                ],
                [
                    -0.0468400891243409,
                    0.0302322277250884,
                    0.1107309602334428
                ],
                [
                    -0.0464567301489922,
                    0.0301641926416462,
                    0.1105307657792833
                ],
                [
                    -0.0460264364240566,
                    0.0299875283313978,
                    0.1103406688725371
                ],
                [
                    -0.04555367265001,
                    0.0298075136953814,
                    0.1101264800560595
                ],
                [
                    -0.0460958757348709,
                    0.0301064595637665,
                    0.11046965573615
                ],
                [
                    -0.0455522231679648,
                    0.0297393398839117,
                    0.1102154428620684
                ],
                [
                    -0.0460900630382634,
                    0.0300644644598024,
                    0.1104246517615524
                ]
            ]
        },