{
    "RT_compo2stl_init": {
        "R": {
            "$array": [
                0.08859961905045258,
                -1.6276714790291864,
                -0.09642031040067855
            ]
        },
        "T": {
            "$array": [
                0.004463095532050257,
                -0.02191831037733385,
                -0.1360927434601234
            ]
        }
    },
    "RT_compo2stl_full": {
        "R": {
            "$array": [
                0.5023505772392227,
                -1.2558482797143562,
                -1.1496258126349241
            ]
        },
        "T": {
            "$array": [
                -0.026748203864111603,
                -0.017369296761644268,
                -0.2149996047579184
            ]
        }
    },
    "data_stl": {
        "HGT": {
            "$array": [
                [
                    -0.1255209732055664
                ],
                [
                    0.027720558166503904
                ],
                [
                    -0.12114260864257813
                ]
            ]
        },
        "HLT": {
            "$array": [
                [
                    -0.09896602630615235
                ],
                [
                    0.0301165771484375
                ],
                [
                    -0.14338587951660156
                ]
            ]
        }
    },
    "data_compo": {
        "HGT": {
            "$array": [
                [
                    0.019361634877223,
                    0.0520370417169498,
                    0.1319434546245692
                ],
                [
                    0.0194931725808138,
                    0.0520959329726943,
                    0.1319861284781449
                ],
                [
                    0.0200550350546669,
                    0.0520924299889481,
                    0.1319043187550255
                ],
                [
                    0.0193636483116979,
                    0.0519832288411664,
                    0.1320200050131546
                ],
                [
                    0.0189002270141505,
                    0.0519892888127915,
                    0.1321231951380255
                ],
                [
                    0.0185818836963073,
                    0.051821120806628,
                    0.1321238847549987
                ],
                [
                    0.0195045130933958,
                    0.0519947776041659,
                    0.131937776987896
                ],
                [
                    0.0190828543185923,
                    0.0519213909423966,
                    0.132080207598623
                ],
                [
                    0.0192738152178786,
                    0.051968375537272,
                    0.1320256371435682
                ],
                [
                    0.0197685188569115,
                    0.0519452697298599,
                    0.1319729494393011
                ]
            ]
        },
        "HLT": {
            "$array": [
                [
                    -0.0090841586119071,
                    0.05156569033795,
                    0.1022996125124554
                ],
                [
                    -0.0089087955923408,
                    0.0515446630780938,
                    0.1023487467232584
                ],
                [
                    -0.0093937237668579,
                    0.0514875069479299,
                    0.1024484371604952
                ],
                [
                    -0.0093139804677218,
                    0.0515078098609358,
                    0.10248146571016
                ],
                [
                    -0.0095623589810619,
                    0.0515003515656829,
                    0.1025482124893254
                ],
                [
                    -0.0091675237222506,
                    0.0515619020033014,
                    0.1023597136351819
                ],
                [
                    -0.0091775950475048,
                    0.0514581361921566,
                    0.1023949951768176
                ],
                [
                    -0.0091493566895575,
                    0.0514863907038,
                    0.1024898598694188
                ],
                [
                    -0.009336241053948,
                    0.0514983956321061,
                    0.1024805151153258
                ],
                [
                    -0.0091234733178665,
                    0.0515599802848093,
                    0.1024074336481414
                ],
                [
                    -0.008674015613814,
                    0.0515859497519663,
                    0.1023365577232969
                ],
                [
                    -0.0089371681042127,
                    0.0515062334369331,
                    0.1024366356528226
                ],
                [
                    -0.0086960153702173,
                    0.0516234524468546,
                    0.1022677943884017
                ],
                [
                    -0.0091429389861072,
                    0.0516326332035619,
                    0.1024263051109851
                ],
                [
                    -0.0091511255371405,
                    0.0515087186411014,
                    0.1024714359147108
                ],
                [
                    -0.00925182181635,
                    0.0515382126160558,
                    0.1024361490798283
                ],
                [
                    -0.0090389605563013,
                    0.0515551197468628,
                    0.1024211038815697
                ],
                [
                    -0.0092155458006333,
                    0.0515100312929385,
                    0.1024628204427763
                ],
                [
                    -0.0090821674733958,
                    0.0515252291374749,
                    0.1024388099049494
                ],
                [
                    -0.0089099678603906,
                    0.0515471086525489,
                    0.1023111090449103
                ],
                [
                    -0.0087938269099604,
                    0.0515701471698558,
                    0.1023554401740547
                ],
                [
                    -0.0086388443506572,
                    0.0515436230810223,
                    0.1023291955636733
                ],
                [
                    -0.0093382800555158,
                    0.05162175460897,
                    0.1025105513962478
                ]
            ]
        }
    }
}