{
    "RT_compo2stl_init": {
        "R": {
            "$array": [
                0.7618965141783297,
                0.3612275453863103,
                2.369237532406121
            ]
        },
        "T": {
            "$array": [
                -0.12641828989942971,
                0.014842229435934185,
                -0.19628369356949332
            ]
        }
    },
    "RT_compo2stl_full": {
        "R": {
            "$array": [
                0.6551410521842985,
                0.48752551632714475,
                2.3785258849991058
            ]
        },
        "T": {
            "$array": [
                -0.1183969153111484,
                0.006149855673007077,
                -0.19709808257869715
            ]
        }
    },
    "data_stl": {
        "CAA": {
            "$array": [
                [
                    -0.0662297592163086
                ],
                [
                    0.027868282318115233
                ],
                [
                    -0.11451547241210938
                ]
            ]
        },
        "CAE": {
            "$array": [
                [
                    -0.03621966552734375
                ],
                [
                    0.05396800231933594
                ],
                [
                    -0.14868495178222657
                ]
            ]
        },
        "CAJ": {
            "$array": [
                [
                    -0.0841457748413086
                ],
                [
                    0.018254846572875977
                ],
                [
                    -0.09983790588378906
                ]
            ]
        },
        "CAS": {
            "$array": [
                [
                    0.01157330322265625
                ],
                [
                    0.08137488555908204
                ],
                [
                    -0.174602783203125
                ]
            ]
        },
        "CSJ": {
            "$array": [
                [
                    0.02301962852478028
                ],
                [
                    0.07558551025390625
                ],
                [
                    -0.16377012634277344
                ]
            ]
        }
    },
    "data_compo": {
        "CAA": {
            "$array": [
                [
                    0.002368530579083,
                    -0.0036239337586483,
                    0.1016530512300837
                ],
                [
                    0.0016988813097693,
                    -0.0037383629112055,
                    0.1016326054074831
                ],
                [
                    0.0021862912010999,
                    -0.0036801464762738,
                    0.1016199418125794
                ],
                [
                    0.002703958481953,
                    -0.0035827416678311,
                    0.1016564951250329
                ],
                [
                    0.0026058640639484,
                    -0.0036014777890746,
                    0.1016032725861674
                ],
                [
                    0.0021564565936542,
                    -0.0036300892654026,
                    0.1016481071066667
                ],
                [
                    0.0021468282893251,
                    -0.0035970024201792,
                    0.1016162492835618
                ],
                [
                    0.0019667948987759,
                    -0.0036464054053679,
                    0.101607585756866
                ],
                [
                    0.0025559418175566,
                    -0.0036223703910878,
                    0.101570929384094
                ],
                [
                    0.0021008881356752,
                    -0.0036459005598296,
                    0.1015996245957417
                ]
            ]
        },
        "CAE": {
            "$array": [
                [
                    -0.0142485346129663,
                    -0.0581273234202126,
                    0.0930304780118013
                ],
                [
                    -0.0145715469904548,
                    -0.0580596098605481,
                    0.0930699286370758
                ],
                [
                    -0.0149211984617545,
                    -0.0579133941402349,
                    0.0930195010604508
                ],
                [
                    -0.0151163870790723,
                    -0.0578048762639262,
                    0.0929662483226354
                ],
                [
                    -0.0144673211207404,
                    -0.0578981736403483,
                    0.0929905337018068
                ],
                [
                    -0.0149468696187176,
                    -0.0578633103995732,
                    0.0929646798414697
                ],
                [
                    -0.0149074013955002,
                    -0.0577672563746012,
                    0.0929308180563471
                ],
                [
                    -0.0142298760792217,
                    -0.0572901282322534,
                    0.0928475716233941
                ],
                [
                    -0.0141825208322919,
                    -0.0573698205748899,
                    0.0928024594501711
                ],
                [
                    -0.0143788237157306,
                    -0.0574432739424182,
                    0.092721201681728
                ]
            ]
        },
        "CAJ": {
            "$array": [
                [
                    0.018477127050083,
                    0.020348434351699,
                    0.1039847480524446
                ],
                [
                    0.0187754785811878,
                    0.0202465577389907,
                    0.1038147175992571
                ],
                [
                    0.0191724095536138,
                    0.0201357659373732,
                    0.1038317444578974
                ],
                [
                    0.0194052533045714,
                    0.0201343720573092,
                    0.1037914778772033
                ],
                [
                    0.0178269365010029,
                    0.0205843352237149,
                    0.1040627948761546
                ],
                [
                    0.0182505033574519,
                    0.0204778415923149,
                    0.103826891172423
                ],
                [
                    0.0194686819121879,
                    0.0200930065907345,
                    0.1036890400486104
                ],
                [
                    0.0184628580863907,
                    0.0204295733040234,
                    0.1038489121070313
                ],
                [
                    0.018470170038336,
                    0.0204090712497689,
                    0.1038650130952266
                ],
                [
                    0.0187061662833804,
                    0.0203140835099026,
                    0.1038429174051645
                ]
            ]
        },