{
    "RT_compo2stl_init": {
        "R": {
            "$array": [
                0.7082838631950188,
                1.1779071112010424,
                -1.583114843620413
            ]
        },
        "T": {
            "$array": [
                0.02884998971475271,
                0.17463215007815902,
                -0.2682758629248204
            ]
        }
    },
    "RT_compo2stl_full": {
        "R": {
            "$array": [
                1.310487682928926,
                1.8533374678812573,
                -1.4330937669380994
            ]
        },
        "T": {
            "$array": [
                0.0934217248586222,
                0.1162009396190833,
                -0.2302241233831094
            ]
        }
    },
    "data_stl": {
        "HGT": {
            "$array": [
                [
                    0.09086173248291016
                ],
                [
                    0.03911053848266602
                ],
                [
                    -0.2611115417480469
                ]
            ]
        },
        "HLT": {
            "$array": [
                [
                    0.059124134063720704
                ],
                [
                    0.03606500244140625
                ],
                [
                    -0.2807752990722656
                ]
            ]
        }
    },
    "data_compo": {
        "HGT": {
            "$array": [
                [
                    0.0248099935706472,
                    0.0578480346764588,
                    0.1330916645702818
                ],
                [
                    0.0250134414003277,
                    0.0577753735580268,
                    0.1331315493238472
                ],
                [
                    0.0250134414003277,
                    0.0577753735580268,
                    0.1331315493238472
                ],
                [
                    0.0252965757383852,
                    0.0578548847399745,
                    0.1332157624907939
                ],
                [
                    0.0253739363835727,
                    0.0578457173236321,
                    0.1331937739039911
                ],
                [
                    0.0259878160878028,
                    0.0578334939995637,
                    0.1332415395588777
                ],
                [
                    0.025368514743548,
                    0.0578413619188828,
                    0.1332130276488944
                ],
                [
                    0.0249702824498588,
                    0.057849326500459,
                    0.1331553057135583
                ],
                [
                    0.0245217397681721,
                    0.0578617038119296,
                    0.1331610793913817
                ],
                [
                    0.025909582941738,
                    0.0578660296722762,
                    0.1332461590357067
                ]
            ]
        },
        "HLT": {
            "$array": [
                [
                    0.0490166570243821,
                    0.038159802406026,
                    0.127341728097215
                ],
                [
                    0.0492077359677526,
                    0.0380719043119975,
                    0.127233892821214
                ],
                [
                    0.0491571480125926,
                    0.0381187523386884,
                    0.1272824406722567
                ],
                [
                    0.0489188824333304,
                    0.0381617333838779,
                    0.1273523371544662
                ],
                [
                    0.0489967377113805,
                    0.0381759597976833,
                    0.127355490658015
                ],
                [
                    0.049077355285488,
                    0.0381323136158469,
                    0.1272986337084105
                ],
                [
                    0.0491136222998317,
                    0.0381316445102268,
                    0.1272516251016251
                ],
                [
                    0.0491535604985431,
                    0.0381519672682213,
                    0.1272733244136311
                ],
                [
                    0.0489889566755346,
                    0.0381597542530142,
                    0.1272897123405066
                ],
                [
                    0.0490465768193195,
                    0.0381593576505743,
                    0.1272684529294838
                ]
            ]
        }
    }
}