{
    "RT_compo2stl_init": {
        "R": {
            "$array": [
                0.08600923403655668,
                0.028605265976485793,
                -0.34757945894586456
            ]
        },
        "T": {
            "$array": [
                0.09773253994336377,
                0.12166277768763199,
                -0.2920088044344956
            ]
        }
    },
    "RT_compo2stl_full": {
        "R": {
            "$array": [
                1.0866189286997465,
                0.43551973915121966,
                -0.05290985337683021
            ]
        },
        "T": {
            "$array": [
                0.11974061123709497,
                0.0813588919982278,
                -0.37847587420339224
            ]
        }
    },
    "data_stl": {
        "HGT": {
            "$array": [
                [
                    0.11699383544921876
                ],
                [
                    0.052843921661376955
                ],
                [
                    -0.17205128479003906
                ]
            ]
        },
        "HLT": {
            "$array": [
                [
                    0.08800112915039063
                ],
                [
                    0.057445713043212894
                ],
                [
                    -0.19001231384277345
                ]
            ]
        }
    },
    "data_compo": {
        "HGT": {
            "$array": [
                [
                    0.0371111386547803,
                    -0.045345331089466,
                    0.1268017442733592
                ],
                [
                    0.0364878372885473,
                    -0.0458931958835133,
                    0.1270949388928184
                ],
                [
                    0.0367736803766021,
                    -0.0456616066885025,
                    0.1269858090538164
                ],
                [
                    0.0364318650083345,
                    -0.0459346839185993,
                    0.1271341537320294
                ],
                [
                    0.0367690452941049,
                    -0.0456839183550795,
                    0.1269684629308896
                ],
                [
                    0.0369030722455678,
                    -0.0455355086429916,
                    0.1268956959375988
                ],
                [
                    0.0367843444855321,
                    -0.0457125904877101,
                    0.126957325286124
                ],
                [
                    0.0367814899206833,
                    -0.0457024926325149,
                    0.1269400558614692
                ],
                [
                    0.0367472604517364,
                    -0.0457231079975969,
                    0.1269742846699105
                ],
                [
                    0.0369780665899437,
                    -0.0454391656358403,
                    0.1268719109959215
                ],
                [
                    0.0365996374101066,
                    -0.0457221163023148,
                    0.1270497189348805
                ],
                [
                    0.0371266814978482,
                    -0.0453256741210859,
                    0.1269074665626115
                ],
                [
                    0.0372610195133055,
                    -0.0451410084110349,
                    0.1267686753192203
                ],
                [
                    0.0368889055279952,
                    -0.0454927836108236,
                    0.1268216898597262
                ],
                [
                    0.036512955617615,
                    -0.0458556079550283,
                    0.1270324577545843
                ],
                [
                    0.0548131926918514,
                    -0.0651295352093802,
                    0.1359832405841793
                ]
            ]
        },
        "HLT": {
            "$array": [
                [
                    0.0066269433245677,
                    -0.0570618214588368,
                    0.1051462647604415
                ],
                [
                    0.0063675997489639,
                    -0.0571338983968143,
                    0.1052054312213223
                ],
                [
                    0.006337771530006,
                    -0.05712948193208,
                    0.1052708527586693
                ],
                [
                    0.0058249570338261,
                    -0.0572206747242084,
                    0.1055464663823478
                ],
                [
                    0.0065045461442186,
                    -0.0570821309654288,
                    0.1051968764703037
                ],
                [
                    0.0065605806838651,
                    -0.057104920013833,
                    0.1051424407057537
                ],
                [
                    0.0060017165907567,
                    -0.0572076106834253,
                    0.1054911654002104
                ],
                [
                    0.0065398323950746,
                    -0.0571485602586654,
                    0.105097712239005
                ],
                [
                    0.0059244683863839,
                    -0.0572148653132493,
                    0.1055069347495658
                ],
                [
                    0.0060759652723598,
                    -0.0572043291865509,
                    0.1054432494591449
                ],
                [
                    0.0066471678484573,
                    -0.0570855175570013,
                    0.1050749071655189
                ],
                [
                    0.0063311603356193,
                    -0.0571031916986456,
                    0.1053299564923226
                ]
            ]
        }
    }
}