{
    "RT_compo2stl_init": {
        "R": {
            "$array": [
                0.6643458867659814,
                -0.05124502767994127,
                -2.224834751157185
            ]
        },
        "T": {
            "$array": [
                0.0866346144561782,
                0.023892408926329527,
                -0.24676655794379546
            ]
        }
    },
    "RT_compo2stl_full": {
        "R": {
            "$array": [
                0.7004714462722279,
                -0.055230308280129675,
                -2.1968387318543963
            ]
        },
        "T": {
            "$array": [
                0.09033294336596308,
                0.026599014766129022,
                -0.24208925743215198
            ]
        }
    },
    "data_stl": {
        "CAA": {
            "$array": [
                [
                    0.049738559722900394
                ],
                [
                    0.0135825834274292
                ],
                [
                    -0.15399244689941408
                ]
            ]
        },
        "CAE": {
            "$array": [
                [
                    0.010264296531677247
                ],
                [
                    0.05163548660278321
                ],
                [
                    -0.17651658630371095
                ]
            ]
        },
        "CAJ": {
            "$array": [
                [
                    0.06949643707275391
                ],
                [
                    -0.0027861592769622802
                ],
                [
                    -0.14388877868652344
                ]
            ]
        },
        "CAS": {
            "$array": [
                [
                    -0.03178214263916016
                ],
                [
                    0.08294463348388673
                ],
                [
                    -0.19130316162109373
                ]
            ]
        },
        "CSJ": {
            "$array": [
                [
                    -0.04441608047485352
                ],
                [
                    0.07351805114746093
                ],
                [
                    -0.18505958557128904
                ]
            ]
        }
    },
    "data_compo": {
        "CAA": {
            "$array": [
                [
                    -0.0135667532281535,
                    0.008682334403667,
                    0.0997352810677193
                ],
                [
                    -0.0135667532281535,
                    0.008682334403667,
                    0.0997352810677193
                ],
                [
                    -0.013430058954399,
                    0.0086162867356084,
                    0.0996757101759673
                ],
                [
                    -0.0135315782266455,
                    0.0087132667100881,
                    0.0997578292178938
                ],
                [
                    -0.0138119539300077,
                    0.0088087027855302,
                    0.0998705077817349
                ],
                [
                    -0.0139662360228146,
                    0.0086860922032198,
                    0.099724177113332
                ],
                [
                    -0.0133855374315491,
                    0.0086835866267986,
                    0.0997914468083444
                ],
                [
                    -0.013695554082701,
                    0.0087317742920545,
                    0.0996995359540358
                ],
                [
                    -0.0136327610764487,
                    0.0087367634216706,
                    0.0997669524937677
                ],
                [
                    -0.0135879677468672,
                    0.0085943802081845,
                    0.099784350359577
                ]
            ]
        },
        "CAE": {
            "$array": [
                [
                    -0.0097714516685137,
                    -0.0651110388337253,
                    0.09016536054868
                ],
                [
                    -0.0097714516685137,
                    -0.0651110388337253,
                    0.09016536054868
                ],
                [
                    -0.0096320218378834,
                    -0.0651124367512525,
                    0.0901138225708182
                ],
                [
                    -0.0096908844433325,
                    -0.0650623897160447,
                    0.0901272780986804
                ],
                [
                    -0.0101522379239447,
                    -0.0652194394657131,
                    0.0900434087816402
                ],
                [
                    -0.009669805040003,
                    -0.0650777319299873,
                    0.0902556014434684
                ],
                [
                    -0.0100774552451661,
                    -0.0650857316797584,
                    0.0901112315368546
                ],
                [
                    -0.0099177122832638,
                    -0.0651744874121204,
                    0.0901544265941797
                ],
                [
                    -0.0099891341303621,
                    -0.0651522788345116,
                    0.0901463622099834
                ],
                [
                    -0.0099817529912487,
                    -0.0651898900736491,
                    0.0902432014387262
                ]
            ]
        },
        "CAJ": {
            "$array": [
                [
                    -0.0171702165120586,
                    0.0335411007184242,
                    0.1034570949688646
                ],
                [
                    -0.0171702165120586,
                    0.0335411007184242,
                    0.1034570949688646
                ],
                [
                    -0.0176704749972781,
                    0.0335382753663997,
                    0.1035064349726212
                ],
                [
                    -0.0177096847052311,
                    0.0335661251128195,
                    0.1034143318329329
                ],
                [
                    -0.0169519673271422,
                    0.0336184554523446,
                    0.1034464421386227
                ],
                [
                    -0.0166285725222297,
                    0.0334349775363657,
                    0.1034793185724809
                ],
                [
                    -0.0178287736902426,
                    0.0333197497207547,
                    0.1034850433082561
                ],
                [
                    -0.0172604469097855,
                    0.0333136976633243,
                    0.1035165140844634
                ],
                [
                    -0.0172616779060611,
                    0.0333085912335396,
                    0.1034879529608705
                ],
                [
                    -0.0170057737310997,
                    0.0334834997360395,
                    0.1034942704586887
                ]
            ]
        },