{
    "RT_compo2stl_init": {
        "R": {
            "$array": [
                -0.1816617192201244,
                -0.2890218805667401,
                0.5329918443039078
            ]
        },
        "T": {
            "$array": [
                0.0958313017169275,
                -0.03198421461295537,
                -0.23558208275627035
            ]
        }
    },
    "RT_compo2stl_full": {
        "R": {
            "$array": [
                -0.17945881995244883,
                -0.3116342327650832,
                0.5581520934382852
            ]
        },
        "T": {
            "$array": [
                0.10168458412901406,
                -0.02949869889689258,
                -0.23368288816634963
            ]
        }
    },
    "data_stl": {
        "CAA": {
            "$array": [
                [
                    0.0714151611328125
                ],
                [
                    -0.00768959903717041
                ],
                [
                    -0.13364340209960937
                ]
            ]
        },
        "CAE": {
            "$array": [
                [
                    0.03271397781372071
                ],
                [
                    0.029828325271606445
                ],
                [
                    -0.15095382690429687
                ]
            ]
        },
        "CAJ": {
            "$array": [
                [
                    0.09527232360839843
                ],
                [
                    -0.02123968505859375
                ],
                [
                    -0.12837095642089844
                ]
            ]
        },
        "CAS": {
            "$array": [
                [
                    -0.014339951515197754
                ],
                [
                    0.055560268402099613
                ],
                [
                    -0.1768046417236328
                ]
            ]
        },
        "CSJ": {
            "$array": [
                [
                    -0.029179828643798828
                ],
                [
                    0.05075642776489258
                ],
                [
                    -0.16263249206542968
                ]
            ]
        }
    },
    "data_compo": {
        "CAA": {
            "$array": [
                [
                    0.0109573702390438,
                    0.0061547112989053,
                    0.106834200039254
                ],
                [
                    0.0110343356000214,
                    0.0061514611952232,
                    0.1066719816538151
                ],
                [
                    0.011380327085156,
                    0.0060213831974358,
                    0.106793751772171
                ],
                [
                    0.0117493797566178,
                    0.0061966759209238,
                    0.1067528724495221
                ],
                [
                    0.0111953084684662,
                    0.0062211967005521,
                    0.1066489142578401
                ],
                [
                    0.0116060645195983,
                    0.0061759367451699,
                    0.1067018886636036
                ],
                [
                    0.0113643108449987,
                    0.0063688075369481,
                    0.106456913131298
                ],
                [
                    0.0115339883504905,
                    0.0062939719390562,
                    0.1066123698762365
                ],
                [
                    0.0113145301726125,
                    0.0062730596439077,
                    0.1064686337276018
                ],
                [
                    0.0116112801837258,
                    0.0062317087512679,
                    0.1066474991826706
                ]
            ]
        },
        "CAE": {
            "$array": [
                [
                    -0.0042728463909408,
                    0.0615964236245428,
                    0.1022531644441867
                ],
                [
                    -0.0045030794255762,
                    0.0614590775928375,
                    0.1023174973989815
                ],
                [
                    -0.0044366734856768,
                    0.0614933936675516,
                    0.1021497891813131
                ],
                [
                    -0.0043689355915695,
                    0.0615148544950261,
                    0.1022459721606008
                ],
                [
                    -0.0044348175579913,
                    0.0614665261049847,
                    0.1021768472392858
                ],
                [
                    -0.0041072248286287,
                    0.0616468112929888,
                    0.1021983847735469
                ],
                [
                    -0.0044422089338808,
                    0.0615821216231024,
                    0.1022027657009945
                ],
                [
                    -0.0045123701314271,
                    0.0615634002396161,
                    0.1020899996119919
                ],
                [
                    -0.0043685342826842,
                    0.0616028207654946,
                    0.1021124407614694
                ],
                [
                    -0.0043158875060224,
                    0.0617606597404935,
                    0.1020399442838816
                ]
            ]
        },
        "CAJ": {
            "$array": [
                [
                    0.0310869803445402,
                    -0.0133046700775571,
                    0.1038738393778326
                ],
                [
                    0.0310365422068488,
                    -0.0131341971209582,
                    0.1038461190236071
                ],
                [
                    0.0308853407798945,
                    -0.0132950446054206,
                    0.103878564073325
                ],
                [
                    0.0308341997111593,
                    -0.0132799859172013,
                    0.1038811993764623
                ],
                [
                    0.0310206539202536,
                    -0.0131927868597069,
                    0.1038938577150317
                ],
                [
                    0.0311467118503202,
                    -0.013219102051198,
                    0.1038072602546366
                ],
                [
                    0.0310262019427903,
                    -0.0133299504200923,
                    0.1038239481590585
                ],
                [
                    0.0309974067935969,
                    -0.0133112392526,
                    0.1038596633087449
                ],
                [
                    0.0311811298765291,
                    -0.0131234319236012,
                    0.1037690122819932
                ],
                [
                    0.0310738030370992,
                    -0.0131606997467957,
                    0.103780731799678
                ]
            ]
        },