{
    "RT_compo2stl_init": {
        "R": {
            "$array": [
                0.5803014946455379,
                -1.8844334776158966,
                0.8880236736720989
            ]
        },
        "T": {
            "$array": [
                0.003942985918557055,
                0.10577028018892444,
                -0.08920154330528447
            ]
        }
    },
    "RT_compo2stl_full": {
        "R": {
            "$array": [
                -0.1828404450482489,
                -1.6324785275657732,
                1.5690589359074716
            ]
        },
        "T": {
            "$array": [
                -0.01008763258943451,
                0.10994398940431863,
                -0.17550855143497915
            ]
        }
    },
    "data_stl": {
        "HGT": {
            "$array": [
                [
                    -0.09481671142578124
                ],
                [
                    0.04187554931640625
                ],
                [
                    -0.1706588134765625
                ]
            ]
        },
        "HLT": {
            "$array": [
                [
                    -0.061902984619140636
                ],
                [
                    0.04348152160644531
                ],
                [
                    -0.1792508087158203
                ]
            ]
        }
    },
    "data_compo": {
        "HGT": {
            "$array": [
                [
                    -0.0286977405201993,
                    0.0573187741858732,
                    0.1274075086489765
                ],
                [
                    -0.0286229857297578,
                    0.0574317039693819,
                    0.1273760328003984
                ],
                [
                    -0.0284104718361247,
                    0.057587886939351,
                    0.1272793071975392
                ],
                [
                    -0.0288276072776869,
                    0.0571302890561121,
                    0.1275654430856089
                ],
                [
                    -0.0284532786838226,
                    0.0575034339010153,
                    0.1273135589980286
                ],
                [
                    -0.0286282302878856,
                    0.0572935088848199,
                    0.1274603804618721
                ],
                [
                    -0.0288277467544135,
                    0.0571147087017582,
                    0.1275503895217685
                ],
                [
                    -0.0285390121013456,
                    0.0573806023760484,
                    0.1273778874727168
                ],
                [
                    -0.0286734351960628,
                    0.057213986820747,
                    0.1274834754298834
                ],
                [
                    -0.0285277869731143,
                    0.0573228717356855,
                    0.1274596613195112
                ]
            ]
        },
        "HLT": {
            "$array": [
                [
                    -0.0513605578084582,
                    0.0376718804268472,
                    0.1103430376695137
                ],
                [
                    -0.051295550124752,
                    0.0377693993142859,
                    0.1103141919892358
                ],
                [
                    -0.0512276454937636,
                    0.0378596719465026,
                    0.1102918715573439
                ],
                [
                    -0.0510653563490472,
                    0.0380121698007824,
                    0.1102537340826041
                ],
                [
                    -0.0514052859046159,
                    0.0376362697206973,
                    0.1103535155711883
                ],
                [
                    -0.0512795253590019,
                    0.0377692694614809,
                    0.1103708160289328
                ],
                [
                    -0.0512310924252263,
                    0.0378468675903636,
                    0.1103713422198159
                ],
                [
                    -0.0516704448572385,
                    0.0373295276576343,
                    0.110502945509257
                ],
                [
                    -0.051211134484364,
                    0.0378307992371608,
                    0.1103610553834582
                ],
                [
                    -0.0511090850690937,
                    0.0379511405182491,
                    0.1103379691598412
                ]
            ]
        }
    }
}