{
    "RT_compo2stl_init": {
        "R": {
            "$array": [
                -1.1658001754473537,
                -0.23884054143161498,
                1.0009821518769144
            ]
        },
        "T": {
            "$array": [
                0.12664962603319563,
                -0.07254535699694457,
                -0.20113892016413093
            ]
        }
    },
    "RT_compo2stl_full": {
        "R": {
            "$array": [
                -1.1746615868845522,
                -0.24074892084378696,
                0.9981986870042558
            ]
        },
        "T": {
            "$array": [
                0.1288648376600235,
                -0.07193631169751116,
                -0.1991792716619421
            ]
        }
    },
    "data_stl": {
        "SAA": {
            "$array": [
                [
                    0.10414919281005859
                ],
                [
                    0.009047004699707031
                ],
                [
                    -0.1508544616699219
                ]
            ]
        },
        "SAE": {
            "$array": [
                [
                    0.10528746795654295
                ],
                [
                    0.032198558807373046
                ],
                [
                    -0.14640614318847656
                ]
            ]
        },
        "SAJ": {
            "$array": [
                [
                    0.08490677642822266
                ],
                [
                    0.043953121185302736
                ],
                [
                    -0.14421536254882814
                ]
            ]
        },
        "SAT": {
            "$array": [
                [
                    0.09370501708984377
                ],
                [
                    0.0515429801940918
                ],
                [
                    -0.1517887878417969
                ]
            ]
        },
        "SCT": {
            "$array": [
                [
                    0.06993894958496094
                ],
                [
                    0.05859741592407227
                ],
                [
                    -0.18064070129394533
                ]
            ]
        },
        "SIA": {
            "$array": [
                [
                    0.03625129699707031
                ],
                [
                    -0.06733982849121094
                ],
                [
                    -0.26945196533203125
                ]
            ]
        },
        "SRS": {
            "$array": [
                [
                    0.015846689224243163
                ],
                [
                    -0.04290768432617188
                ],
                [
                    -0.16369085693359375
                ]
            ]
        },
        "SSA": {
            "$array": [
                [
                    0.01089350414276123
                ],
                [
                    -0.004518095016479492
                ],
                [
                    -0.1418887939453125
                ]
            ]
        }
    },
    "data_compo": {
        "SAA": {
            "$array": [
                [
                    0.0353634218562364,
                    -0.0261975962502731,
                    0.087482615674589
                ],
                [
                    0.0354216773893648,
                    -0.0262943107482074,
                    0.0874889572910384
                ],
                [
                    0.0354441018442443,
                    -0.0263206290193738,
                    0.0874788874517748
                ],
                [
                    0.0354687842120275,
                    -0.0262475879390993,
                    0.0874614691900231
                ],
                [
                    0.0353946752304887,
                    -0.0262800264687526,
                    0.0875203135010182
                ],
                [
                    0.0354783221429949,
                    -0.026320097073302,
                    0.0875278605677679
                ],
                [
                    0.0354509755463151,
                    -0.0261360907258414,
                    0.0874922452455694
                ],
                [
                    0.0354949446155715,
                    -0.0262437415582619,
                    0.0875016464755119
                ],
                [
                    0.0355172773881726,
                    -0.0262530573270445,
                    0.08749295000933
                ],
                [
                    0.0354574100160343,
                    -0.0260608005098795,
                    0.0874431190885301
                ]
            ]
        },
        "SAE": {
            "$array": [
                [
                    0.0498341356846263,
                    -0.0304323611208944,
                    0.102888023543279
                ],
                [
                    0.0498527671385131,
                    -0.0304874921123503,
                    0.102914995123132
                ],
                [
                    0.0499006490331371,
                    -0.0305525776814878,
                    0.1028528347813919
                ],
                [
                    0.0498393114963883,
                    -0.030587572410393,
                    0.1029088139381579
                ],
                [
                    0.0498199293875412,
                    -0.0304044823520941,
                    0.1028394187552061
                ],
                [
                    0.0497348966728201,
                    -0.0302229607410741,
                    0.1028097265434496
                ],
                [
                    0.0497628218094388,
                    -0.0302831662448486,
                    0.1028544510046763
                ],
                [
                    0.0499316495678759,
                    -0.0308619920914068,
                    0.1028157563804596
                ],
                [
                    0.0498137903988099,
                    -0.0304366744632845,
                    0.1027916413493624
                ],
                [
                    0.0498230340531282,
                    -0.0304386495756654,
                    0.1027549314959836
                ]
            ]
        },