{
    "RT_compo2stl_init": {
        "R": {
            "$array": [
                0.4770830557600608,
                0.07304104492720022,
                -2.9714682112683968
            ]
        },
        "T": {
            "$array": [
                0.07944441953193149,
                0.05104292849384159,
                -0.25222334180259415
            ]
        }
    },
    "RT_compo2stl_full": {
        "R": {
            "$array": [
                0.5285284494142348,
                0.06012856721473342,
                -2.971191659020948
            ]
        },
        "T": {
            "$array": [
                0.08141804503286398,
                0.04968258781036186,
                -0.24929309428120786
            ]
        }
    },
    "data_stl": {
        "CAA": {
            "$array": [
                [
                    0.05048923110961914
                ],
                [
                    0.0480152587890625
                ],
                [
                    -0.15106448364257813
                ]
            ]
        },
        "CAE": {
            "$array": [
                [
                    0.01195741844177246
                ],
                [
                    0.0707716064453125
                ],
                [
                    -0.1743520202636719
                ]
            ]
        },
        "CAJ": {
            "$array": [
                [
                    0.07836247253417969
                ],
                [
                    0.04453523254394531
                ],
                [
                    -0.14207237243652343
                ]
            ]
        },
        "CAS": {
            "$array": [
                [
                    -0.04295463562011719
                ],
                [
                    0.08746771240234376
                ],
                [
                    -0.18075239562988282
                ]
            ]
        },
        "CSJ": {
            "$array": [
                [
                    -0.04546324920654297
                ],
                [
                    0.07474376678466797
                ],
                [
                    -0.16541323852539064
                ]
            ]
        }
    },
    "data_compo": {
        "CAA": {
            "$array": [
                [
                    -0.0066808983619334,
                    -0.0043688262095502,
                    0.1053182351008027
                ],
                [
                    -0.0066808983619334,
                    -0.0043688262095502,
                    0.1053182351008027
                ],
                [
                    -0.0066448564101494,
                    -0.0041981601273135,
                    0.1052522494885178
                ],
                [
                    -0.0066689431985289,
                    -0.0041867976388771,
                    0.105200365106955
                ],
                [
                    -0.0065981041886275,
                    -0.004153618212764,
                    0.1053806452791024
                ],
                [
                    -0.006564558472892,
                    -0.0039916033612046,
                    0.1053409631766784
                ],
                [
                    -0.006564558472892,
                    -0.0039916033612046,
                    0.1053409631766784
                ],
                [
                    -0.0067203345277344,
                    -0.00424304814219,
                    0.1054009042820928
                ],
                [
                    -0.0068348472649044,
                    -0.0042493210281052,
                    0.1054846740870638
                ],
                [
                    -0.0068348472649044,
                    -0.0042493210281052,
                    0.1054846740870638
                ]
            ]
        },
        "CAE": {
            "$array": [
                [
                    0.0416700917460632,
                    -0.0331346066063114,
                    0.0920569844749309
                ],
                [
                    0.041508019813241,
                    -0.0332954415826174,
                    0.0920051788640825
                ],
                [
                    0.041508019813241,
                    -0.0332954415826174,
                    0.0920051788640825
                ],
                [
                    0.0414815185272868,
                    -0.033366913340173,
                    0.0920710188984649
                ],
                [
                    0.0414174646909428,
                    -0.0333909159540367,
                    0.0920494963752652
                ],
                [
                    0.0414174646909428,
                    -0.0333909159540367,
                    0.0920494963752652
                ],
                [
                    0.0413831917159741,
                    -0.0333005214104448,
                    0.0920434197624613
                ],
                [
                    0.0414030812078268,
                    -0.0332302342625685,
                    0.0920779168891133
                ],
                [
                    0.041274344274239,
                    -0.033367137489348,
                    0.0921802592740064
                ],
                [
                    0.041274344274239,
                    -0.033367137489348,
                    0.0921802592740064
                ]
            ]
        },
        "CAJ": {
            "$array": [
                [
                    -0.0337912032186311,
                    0.0049027911650971,
                    0.1069082903859646
                ],
                [
                    -0.0337912032186311,
                    0.0049027911650971,
                    0.1069082903859646
                ],
                [
                    -0.0338508074406306,
                    0.0043153459727479,
                    0.1070231066891555
                ],
                [
                    -0.0338508074406306,
                    0.0043153459727479,
                    0.1070231066891555
                ],
                [
                    -0.0338538326303689,
                    0.0041443872697589,
                    0.1070567478673388
                ],
                [
                    -0.0338297808388157,
                    0.0043098606444381,
                    0.1070297702899726
                ],
                [
                    -0.0338883490922223,
                    0.0044180480514124,
                    0.1070456749643415
                ],
                [
                    -0.033797569691254,
                    0.0044531893056359,
                    0.1070199799024051
                ],
                [
                    -0.0337860261578815,
                    0.0046969162919875,
                    0.1070093613754294
                ],
                [
                    -0.0337549100703501,
                    0.0048154568266044,
                    0.1069756153969895
                ]
            ]
        },