{
    "RT_compo2stl_init": {
        "R": {
            "$array": [
                -0.5355774294390729,
                -1.0096438162527637,
                -0.9680129062981541
            ]
        },
        "T": {
            "$array": [
                0.11992660969686589,
                -0.13410261211189486,
                -0.19708713276907408
            ]
        }
    },
    "RT_compo2stl_full": {
        "R": {
            "$array": [
                -0.5269813417897254,
                -1.0109338375216261,
                -1.008359854412588
            ]
        },
        "T": {
            "$array": [
                0.11725911762439571,
                -0.13860192925288226,
                -0.19872123601676153
            ]
        }
    },
    "data_stl": {
        "SAA": {
            "$array": [
                [
                    0.11728804779052734
                ],
                [
                    -0.04591431427001953
                ],
                [
                    -0.14084019470214845
                ]
            ]
        },
        "SAE": {
            "$array": [
                [
                    0.1187455596923828
                ],
                [
                    -0.030015926361083984
                ],
                [
                    -0.13178096008300783
                ]
            ]
        },
        "SAJ": {
            "$array": [
                [
                    0.10048845672607422
                ],
                [
                    -0.022713293075561525
                ],
                [
                    -0.1283017578125
                ]
            ]
        },
        "SAT": {
            "$array": [
                [
                    0.1116971206665039
                ],
                [
                    -0.011285767555236817
                ],
                [
                    -0.13076292419433594
                ]
            ]
        },
        "SCT": {
            "$array": [
                [
                    0.09109839630126952
                ],
                [
                    0.004895434379577636
                ],
                [
                    -0.15602717590332033
                ]
            ]
        },
        "SIA": {
            "$array": [
                [
                    0.03145005989074707
                ],
                [
                    -0.08816276550292969
                ],
                [
                    -0.26840255737304686
                ]
            ]
        },
        "SRS": {
            "$array": [
                [
                    0.019196918487548828
                ],
                [
                    -0.07556058502197266
                ],
                [
                    -0.16271035766601563
                ]
            ]
        },
        "SSA": {
            "$array": [
                [
                    0.0187348747253418
                ],
                [
                    -0.031430400848388676
                ],
                [
                    -0.13473924255371095
                ]
            ]
        }
    },
    "data_compo": {
        "SAA": {
            "$array": [
                [
                    0.0095297342295856,
                    0.0309839973455649,
                    0.0883213928266944
                ],
                [
                    0.0095297342295856,
                    0.0309839973455649,
                    0.0883213928266944
                ],
                [
                    0.0092524484670326,
                    0.0309470197680176,
                    0.0882390914588417
                ],
                [
                    0.0086785826312554,
                    0.0309806063891926,
                    0.0880610898635551
                ],
                [
                    0.0090143060676852,
                    0.030994687766033,
                    0.088178642138792
                ],
                [
                    0.0091509982699605,
                    0.031067784061229,
                    0.0882955114582683
                ],
                [
                    0.0084886100015979,
                    0.0310064034263069,
                    0.0881338820452601
                ],
                [
                    0.0095602812837001,
                    0.0309689567524208,
                    0.0884213048694665
                ],
                [
                    0.0088336528640591,
                    0.0309757023904825,
                    0.0881938063844398
                ],
                [
                    0.0087236215618965,
                    0.0310496150033942,
                    0.0881523773595011
                ]
            ]
        },
        "SAE": {
            "$array": [
                [
                    0.0145111155247298,
                    0.0535251710648855,
                    0.1055788248605902
                ],
                [
                    0.0145111155247298,
                    0.0535251710648855,
                    0.1055788248605902
                ],
                [
                    0.0143250520967793,
                    0.0534125976795086,
                    0.105500635735182
                ],
                [
                    0.0143970911320459,
                    0.0534793652454573,
                    0.1054555454500604
                ],
                [
                    0.0138339775372675,
                    0.0534636639816279,
                    0.1053679722163991
                ],
                [
                    0.0145884260707519,
                    0.0534228913422313,
                    0.1056071743311594
                ],
                [
                    0.013990852780255,
                    0.053430268244568,
                    0.1054005281194974
                ],
                [
                    0.0139159141038236,
                    0.0534008652067127,
                    0.1054088842682173
                ],
                [
                    0.0142950466001083,
                    0.0533900556282921,
                    0.1054964057361551
                ],
                [
                    0.0147123929832434,
                    0.0533820619178288,
                    0.1056082655003251
                ]
            ]
        },