{
    "RT_compo2stl_init": {
        "R": {
            "$array": [
                -1.0965587000260728,
                0.9653942944085363,
                0.5772554397543382
            ]
        },
        "T": {
            "$array": [
                0.08013702905613586,
                -0.11586603311848034,
                -0.2301314807978796
            ]
        }
    },
    "RT_compo2stl_full": {
        "R": {
            "$array": [
                -1.0833286933046755,
                0.8237353300739194,
                0.7157670995604736
            ]
        },
        "T": {
            "$array": [
                0.09816468919458562,
                -0.10998386193053669,
                -0.246025739718411
            ]
        }
    },
    "data_stl": {
        "HGT": {
            "$array": [
                [
                    0.12625176239013672
                ],
                [
                    0.0021015863418579104
                ],
                [
                    -0.15132781982421875
                ]
            ]
        },
        "HLT": {
            "$array": [
                [
                    0.09406092071533205
                ],
                [
                    -0.003789420127868652
                ],
                [
                    -0.16127789306640625
                ]
            ]
        }
    },
    "data_compo": {
        "HGT": {
            "$array": [
                [
                    -0.0529405125984353,
                    -0.028720001545244,
                    0.1348160386566395
                ],
                [
                    -0.0530431716358233,
                    -0.0283146032909936,
                    0.1347900913273159
                ],
                [
                    -0.0530204654924251,
                    -0.0283756610162095,
                    0.1347739454188453
                ],
                [
                    -0.053000059869765,
                    -0.0284662715804167,
                    0.1347583158512066
                ],
                [
                    -0.052861546110614,
                    -0.0289057271918231,
                    0.134795250417519
                ],
                [
                    -0.0529116125199583,
                    -0.0288101903287638,
                    0.1347704204277999
                ],
                [
                    -0.0530101523194604,
                    -0.0285846820338199,
                    0.1348140666575425
                ],
                [
                    -0.0529851659991863,
                    -0.0286016276722264,
                    0.1347915448532481
                ],
                [
                    -0.0529204288057691,
                    -0.0286665929744114,
                    0.1347176612333601
                ],
                [
                    -0.053015592427302,
                    -0.0285038354438225,
                    0.1347771888020968
                ]
            ]
        },
        "HLT": {
            "$array": [
                [
                    -0.0596959155509723,
                    -0.0002100290607408,
                    0.1163044014842374
                ],
                [
                    -0.0595190510738912,
                    -0.0007424454731512,
                    0.1163450017352135
                ],
                [
                    -0.059701056532578,
                    -0.0001907687571433,
                    0.1163694088476816
                ],
                [
                    -0.0597397176866612,
                    7.44011622373364e-05,
                    0.1162788629345374
                ],
                [
                    -0.0597566813297035,
                    -5.067431086769325e-05,
                    0.1163612233066729
                ],
                [
                    -0.0597217660063753,
                    -0.0002671113714676,
                    0.1163936760451041
                ],
                [
                    -0.0596935533563406,
                    -0.0001209108774803,
                    0.1163653988619226
                ],
                [
                    -0.0596405055415845,
                    -0.0003870486344873,
                    0.1163615370377227
                ],
                [
                    -0.0596376588225618,
                    -0.0004305846842971,
                    0.1163289786027395
                ],
                [
                    -0.059586322270637,
                    -0.0006362743712001,
                    0.1163855317629518
                ]
            ]
        }
    }
}