{
    "RT_compo2stl_init": {
        "R": {
            "$array": [
                0.33040443981547285,
                -0.11471200964352267,
                -2.1089604355424925
            ]
        },
        "T": {
            "$array": [
                0.07081569552819399,
                0.02196029899242671,
                -0.20880525251482948
            ]
        }
    },
    "RT_compo2stl_full": {
        "R": {
            "$array": [
                0.24230165690114214,
                -0.1704029574610012,
                -2.113818514583701
            ]
        },
        "T": {
            "$array": [
                0.06862814340202583,
                0.013280733895299626,
                -0.20641110040529187
            ]
        }
    },
    "data_stl": {
        "CAA": {
            "$array": [
                [
                    0.04735417938232422
                ],
                [
                    0.0214095401763916
                ],
                [
                    -0.10391506958007812
                ]
            ]
        },
        "CAE": {
            "$array": [
                [
                    0.018375003814697265
                ],
                [
                    0.05685404968261719
                ],
                [
                    -0.13097921752929687
                ]
            ]
        },
        "CAJ": {
            "$array": [
                [
                    0.07158300018310547
                ],
                [
                    0.004705126762390137
                ],
                [
                    -0.09626779174804688
                ]
            ]
        },
        "CAS": {
            "$array": [
                [
                    -0.015817266464233398
                ],
                [
                    0.08531097412109376
                ],
                [
                    -0.14579055786132813
                ]
            ]
        },
        "CSJ": {
            "$array": [
                [
                    -0.026898134231567384
                ],
                [
                    0.07905666351318359
                ],
                [
                    -0.13638479614257812
                ]
            ]
        }
    },
    "data_compo": {
        "CAA": {
            "$array": [
                [
                    -0.0080799953213503,
                    0.0011258717039555,
                    0.1059031729109849
                ],
                [
                    -0.0078673179130041,
                    0.0010344895023084,
                    0.1059135692783597
                ],
                [
                    -0.0081954704535586,
                    0.0010489581366048,
                    0.1059837690517453
                ],
                [
                    -0.0079320217954675,
                    0.000972558922058,
                    0.1059162284314725
                ],
                [
                    -0.0080943241533855,
                    0.0010145868017661,
                    0.1058845268082976
                ],
                [
                    -0.0081314942757321,
                    0.0008100564456099,
                    0.1057656013641361
                ],
                [
                    -0.0083170285248769,
                    0.0007960489732106,
                    0.1059298553056684
                ],
                [
                    -0.0081055378961549,
                    0.0007734770051002,
                    0.1058633055551678
                ],
                [
                    -0.0082737176267216,
                    0.0006990742452109,
                    0.1059393135901412
                ],
                [
                    -0.0079996243416471,
                    0.0006079017911026,
                    0.1059865187112277
                ]
            ]
        },
        "CAE": {
            "$array": [
                [
                    -0.0192399947985705,
                    -0.0457526903931685,
                    0.0864182795258756
                ],
                [
                    -0.0192506882403349,
                    -0.0457211315732145,
                    0.0864494364355609
                ],
                [
                    -0.0190766848590234,
                    -0.0457495048666929,
                    0.0863777663235274
                ],
                [
                    -0.0192466571091397,
                    -0.0456560950160808,
                    0.0864460572429023
                ],
                [
                    -0.0190557084584465,
                    -0.0457259635708338,
                    0.0863995014295709
                ],
                [
                    -0.0191039305061587,
                    -0.0457308399336694,
                    0.0864336586925376
                ],
                [
                    -0.0191989627076929,
                    -0.0457342776564654,
                    0.0865019915129697
                ],
                [
                    -0.0189796505425928,
                    -0.0457435361094126,
                    0.0865320405020978
                ],
                [
                    -0.0192503088943031,
                    -0.0457017024137828,
                    0.0865435297826154
                ],
                [
                    -0.0193147639144339,
                    -0.045738683921369,
                    0.0865684263630238
                ]
            ]
        },
        "CAJ": {
            "$array": [
                [
                    -0.0064553417122664,
                    0.0361680000696901,
                    0.1076404154237984
                ],
                [
                    -0.0059586385541509,
                    0.036012840601587,
                    0.1076189969509394
                ],
                [
                    -0.0061485611258222,
                    0.0360404982848743,
                    0.1076785050177369
                ],
                [
                    -0.0063867239898707,
                    0.0360764711486719,
                    0.1077224787452084
                ],
                [
                    -0.0065151027596391,
                    0.0360166509033166,
                    0.1076132661839695
                ],
                [
                    -0.0063407710897965,
                    0.0360083672474879,
                    0.1077255204769422
                ],
                [
                    -0.0062909530228262,
                    0.0360456122788498,
                    0.1077650614283867
                ],
                [
                    -0.0062768673399469,
                    0.0360400577231971,
                    0.1077238475271042
                ],
                [
                    -0.0062674263038468,
                    0.0360420984344695,
                    0.1077162837055497
                ],
                [
                    -0.0061920623235196,
                    0.0359442376705561,
                    0.1078068569376005
                ]
            ]
        },