{
    "RT_compo2stl_init": {
        "R": {
            "$array": [
                0.14252490299210435,
                -1.4756873464895728,
                -1.8760867905745553
            ]
        },
        "T": {
            "$array": [
                0.0995682465922289,
                -0.12124571841921766,
                -0.2040237282985743
            ]
        }
    },
    "RT_compo2stl_full": {
        "R": {
            "$array": [
                0.13975109694585483,
                -1.464600973709038,
                -1.8988726825644258
            ]
        },
        "T": {
            "$array": [
                0.10022510410353416,
                -0.12034881055801891,
                -0.20500042385869122
            ]
        }
    },
    "data_stl": {
        "SAA": {
            "$array": [
                [
                    0.09390777587890624
                ],
                [
                    -0.024937910079956053
                ],
                [
                    -0.15630198669433595
                ]
            ]
        },
        "SAE": {
            "$array": [
                [
                    0.09592969512939452
                ],
                [
                    -0.0087853422164917
                ],
                [
                    -0.15011160278320312
                ]
            ]
        },
        "SAJ": {
            "$array": [
                [
                    0.07591582489013672
                ],
                [
                    -0.004025612831115723
                ],
                [
                    -0.143552978515625
                ]
            ]
        },
        "SAT": {
            "$array": [
                [
                    0.08771488952636719
                ],
                [
                    0.006562557697296143
                ],
                [
                    -0.14881245422363282
                ]
            ]
        },
        "SCT": {
            "$array": [
                [
                    0.05869068145751953
                ],
                [
                    0.025174028396606447
                ],
                [
                    -0.18015974426269532
                ]
            ]
        },
        "SIA": {
            "$array": [
                [
                    0.03034538459777832
                ],
                [
                    -0.06478995513916015
                ],
                [
                    -0.29918081665039065
                ]
            ]
        },
        "SRS": {
            "$array": [
                [
                    -0.0033384828567504885
                ],
                [
                    -0.06412475585937501
                ],
                [
                    -0.19148150634765626
                ]
            ]
        },
        "SSA": {
            "$array": [
                [
                    -0.01052509593963623
                ],
                [
                    -0.027685834884643556
                ],
                [
                    -0.1642768096923828
                ]
            ]
        }
    },
    "data_compo": {
        "SAA": {
            "$array": [
                [
                    -0.0362417017466006,
                    0.0310665553786627,
                    0.0956060723356682
                ],
                [
                    -0.036378223268965,
                    0.0311672979835399,
                    0.0957135429078296
                ],
                [
                    -0.0362925285839372,
                    0.0309549250822103,
                    0.0956502567920606
                ],
                [
                    -0.0362508745317803,
                    0.0315633455247474,
                    0.0956838611210115
                ],
                [
                    -0.036468452089716,
                    0.0317539631924413,
                    0.0957480065732877
                ],
                [
                    -0.0362687552392835,
                    0.031013426987794,
                    0.0956800579433639
                ],
                [
                    -0.0364486146769907,
                    0.0314767279345323,
                    0.0958016249341599
                ],
                [
                    -0.0363211823380949,
                    0.0315227025375377,
                    0.0958072104086709
                ],
                [
                    -0.0364625578082115,
                    0.0314364037141196,
                    0.0957838703258932
                ],
                [
                    -0.0365281275914742,
                    0.0313769514308779,
                    0.0958099506384025
                ]
            ]
        },
        "SAE": {
            "$array": [
                [
                    -0.0464307501888337,
                    0.0366895458150452,
                    0.1114938248643356
                ],
                [
                    -0.0465036108344237,
                    0.0365261758318942,
                    0.1116728377766787
                ],
                [
                    -0.047036754367723,
                    0.0362400255998365,
                    0.1127651712043819
                ],
                [
                    -0.0466145813024168,
                    0.0370520449011416,
                    0.1116146585359176
                ],
                [
                    -0.0463590949780566,
                    0.0361022994562257,
                    0.1113966135016381
                ],
                [
                    -0.0464129139927747,
                    0.0367019692666874,
                    0.1115266917558994
                ],
                [
                    -0.0464061865950251,
                    0.0365910015469393,
                    0.1114219812827914
                ],
                [
                    -0.0464108475640579,
                    0.0370481502965155,
                    0.1115070171599316
                ],
                [
                    -0.0465011831709641,
                    0.0374819449802352,
                    0.1115044528140175
                ],
                [
                    -0.0461837029286803,
                    0.035634019029197,
                    0.111218830364581
                ]
            ]
        },