{
    "RT_compo2stl_init": {
        "R": {
            "$array": [
                0.8609164623777386,
                0.262208292722138,
                -1.8061015844502133
            ]
        },
        "T": {
            "$array": [
                0.06085708093865788,
                0.06745049383382805,
                -0.32988168959009273
            ]
        }
    },
    "RT_compo2stl_full": {
        "R": {
            "$array": [
                0.8520450911075015,
                0.18308537583256018,
                -1.813767978117207
            ]
        },
        "T": {
            "$array": [
                0.0655810222453243,
                0.06324225022275959,
                -0.3289627824577398
            ]
        }
    },
    "data_stl": {
        "CAA": {
            "$array": [
                [
                    0.02655252265930176
                ],
                [
                    0.015244814872741699
                ],
                [
                    -0.2460614318847656
                ]
            ]
        },
        "CAE": {
            "$array": [
                [
                    -0.007950350284576416
                ],
                [
                    0.04793900299072266
                ],
                [
                    -0.26765338134765626
                ]
            ]
        },
        "CAJ": {
            "$array": [
                [
                    0.04655785369873047
                ],
                [
                    0.0047207770347595214
                ],
                [
                    -0.23731704711914064
                ]
            ]
        },
        "CAS": {
            "$array": [
                [
                    -0.050275863647460936
                ],
                [
                    0.07381714630126954
                ],
                [
                    -0.29864166259765623
                ]
            ]
        },
        "CSJ": {
            "$array": [
                [
                    -0.06110386657714844
                ],
                [
                    0.06195201110839844
                ],
                [
                    -0.29025860595703123
                ]
            ]
        }
    },
    "data_compo": {
        "CAA": {
            "$array": [
                [
                    -0.009647681000347,
                    0.0113774552456396,
                    0.1038084837199709
                ],
                [
                    -0.009647681000347,
                    0.0113774552456396,
                    0.1038084837199709
                ],
                [
                    -0.0094941857541307,
                    0.0113345261693445,
                    0.1037775460535891
                ],
                [
                    -0.0095208746794811,
                    0.0113579790357198,
                    0.1038148709607557
                ],
                [
                    -0.0095208746794811,
                    0.0113579790357198,
                    0.1038148709607557
                ],
                [
                    -0.0099028068960925,
                    0.0114100131209053,
                    0.1038348698776417
                ],
                [
                    -0.0099028068960925,
                    0.0114100131209053,
                    0.1038348698776417
                ],
                [
                    -0.0095858857616374,
                    0.0113460767604695,
                    0.1038283963298948
                ],
                [
                    -0.0098476308715594,
                    0.0113350899399002,
                    0.1038146445872004
                ],
                [
                    -0.0096064650214451,
                    0.0112790621602855,
                    0.1037822324065139
                ]
            ]
        },
        "CAE": {
            "$array": [
                [
                    -0.0146462753871893,
                    -0.0479881856786027,
                    0.0822499754573294
                ],
                [
                    -0.014596752930083,
                    -0.0479522936772887,
                    0.0821727963128543
                ],
                [
                    -0.0145931372026593,
                    -0.0479910387641806,
                    0.082230291146118
                ],
                [
                    -0.0145931372026593,
                    -0.0479910387641806,
                    0.082230291146118
                ],
                [
                    -0.0143634159613422,
                    -0.0478959793541297,
                    0.0821604197952724
                ],
                [
                    -0.0143634159613422,
                    -0.0478959793541297,
                    0.0821604197952724
                ],
                [
                    -0.0139368145211623,
                    -0.0479498384946246,
                    0.0819582461843188
                ],
                [
                    -0.0139368145211623,
                    -0.0479498384946246,
                    0.0819582461843188
                ],
                [
                    -0.01440621651701,
                    -0.0479114958844353,
                    0.0821096630852039
                ],
                [
                    -0.0141299336203056,
                    -0.0479062038307548,
                    0.0820215592312102
                ]
            ]
        },
        "CAJ": {
            "$array": [
                [
                    -0.0152944240821235,
                    0.0308853492149695,
                    0.1066101069491425
                ],
                [
                    -0.0152944240821235,
                    0.0308853492149695,
                    0.1066101069491425
                ],
                [
                    -0.0152598904367119,
                    0.0309000036214222,
                    0.1066360507429417
                ],
                [
                    -0.0153391715320692,
                    0.0308838903893224,
                    0.1066231080049275
                ],
                [
                    -0.0155847862576047,
                    0.0307740112873159,
                    0.1066033065919252
                ],
                [
                    -0.0150124447084529,
                    0.031030045242012,
                    0.106642332116675
                ],
                [
                    -0.0152069712496204,
                    0.0309068469474297,
                    0.1066125573445975
                ],
                [
                    -0.0150814676834539,
                    0.03093686661124,
                    0.106601866468049
                ],
                [
                    -0.0150688900725505,
                    0.0310022198987052,
                    0.1066440031804204
                ],
                [
                    -0.0150577029242044,
                    0.0310247536579219,
                    0.1066073674392322
                ]
            ]
        },