{
    "RT_compo2stl_init": {
        "R": {
            "$array": [
                -1.1687408822399865,
                0.2556253451149885,
                -0.2731555517378178
            ]
        },
        "T": {
            "$array": [
                -0.0969464689814244,
                -0.13496521119304467,
                -0.3555161357422952
            ]
        }
    },
    "RT_compo2stl_full": {
        "R": {
            "$array": [
                -1.1492847907837962,
                0.29746260843856515,
                -0.28427611209564924
            ]
        },
        "T": {
            "$array": [
                -0.10233251082138525,
                -0.13226307312532165,
                -0.3558527070301685
            ]
        }
    },
    "data_stl": {
        "SAA": {
            "$array": [
                [
                    -0.11053926849365235
                ],
                [
                    -0.03713349533081055
                ],
                [
                    -0.30770095825195315
                ]
            ]
        },
        "SAE": {
            "$array": [
                [
                    -0.11402230072021484
                ],
                [
                    -0.016863290786743163
                ],
                [
                    -0.2953691101074219
                ]
            ]
        },
        "SAJ": {
            "$array": [
                [
                    -0.0916096649169922
                ],
                [
                    -0.010856962203979493
                ],
                [
                    -0.29188836669921875
                ]
            ]
        },
        "SAT": {
            "$array": [
                [
                    -0.1047391357421875
                ],
                [
                    0.000709866464138031
                ],
                [
                    -0.2936279296875
                ]
            ]
        },
        "SCT": {
            "$array": [
                [
                    -0.07936301422119141
                ],
                [
                    0.014210492134094239
                ],
                [
                    -0.3191955871582031
                ]
            ]
        },
        "SIA": {
            "$array": [
                [
                    -0.02958182144165039
                ],
                [
                    -0.07758312225341797
                ],
                [
                    -0.44373834228515624
                ]
            ]
        },
        "SRS": {
            "$array": [
                [
                    -0.020910057067871093
                ],
                [
                    -0.06792128753662109
                ],
                [
                    -0.32935781860351565
                ]
            ]
        },
        "SSA": {
            "$array": [
                [
                    -0.00607292652130127
                ],
                [
                    -0.03446556091308594
                ],
                [
                    -0.3132221069335937
                ]
            ]
        }
    },
    "data_compo": {
        "SAA": {
            "$array": [
                [
                    -0.053168723070511,
                    -0.0119707971346458,
                    0.0978391753351453
                ],
                [
                    -0.0532134659916286,
                    -0.0117982919598537,
                    0.0978026356211885
                ],
                [
                    -0.0536549622548196,
                    -0.0120995846921468,
                    0.0979133358803702
                ],
                [
                    -0.0531704283470078,
                    -0.0118330579855883,
                    0.0978358025304277
                ],
                [
                    -0.0533385307280844,
                    -0.0119439799860253,
                    0.0978663941632495
                ],
                [
                    -0.0530767161709777,
                    -0.0117837264613315,
                    0.0977964826128791
                ],
                [
                    -0.0531572759153944,
                    -0.0118458726506008,
                    0.097798304186002
                ],
                [
                    -0.0532289871044726,
                    -0.0119112567281947,
                    0.0977686028461154
                ],
                [
                    -0.052954154350525,
                    -0.0116722917989625,
                    0.0977221473255531
                ],
                [
                    -0.0537732647882326,
                    -0.0121534890459617,
                    0.0979948408161265
                ]
            ]
        },
        "SAE": {
            "$array": [
                [
                    -0.0612271058409452,
                    -0.0133564220594754,
                    0.1173921743653856
                ],
                [
                    -0.0614039312322228,
                    -0.0135150975202303,
                    0.1173457027775521
                ],
                [
                    -0.0611561475426754,
                    -0.0133280293306964,
                    0.1172284232661335
                ],
                [
                    -0.0610542291382705,
                    -0.0131750986519467,
                    0.1172146537015274
                ],
                [
                    -0.0612771896039644,
                    -0.013445861937281,
                    0.1172635016574511
                ],
                [
                    -0.0610898900100266,
                    -0.0133893173016907,
                    0.1170550917443731
                ],
                [
                    -0.061116703457938,
                    -0.0132760879570811,
                    0.1169569548189555
                ],
                [
                    -0.0612242498751213,
                    -0.013335864351637,
                    0.1171128968207175
                ],
                [
                    -0.061045546521058,
                    -0.0132641661956196,
                    0.1171154382996609
                ],
                [
                    -0.0611116907524923,
                    -0.0131621632940911,
                    0.1172994221153184
                ]
            ]
        },