{
    "RT_compo2stl_init": {
        "R": {
            "$array": [
                -1.3075496170185201,
                0.165841870349393,
                -0.35047730235541785
            ]
        },
        "T": {
            "$array": [
                -0.09816415496863033,
                -0.12561135390761724,
                -0.16897588941670647
            ]
        }
    },
    "RT_compo2stl_full": {
        "R": {
            "$array": [
                -1.3044609363997457,
                0.18323759818854848,
                -0.34780628182092754
            ]
        },
        "T": {
            "$array": [
                -0.10113730728525994,
                -0.12615251335315578,
                -0.16760982856862
            ]
        }
    },
    "data_stl": {
        "SAA": {
            "$array": [
                [
                    -0.1102866439819336
                ],
                [
                    -0.027015342712402343
                ],
                [
                    -0.13569248962402344
                ]
            ]
        },
        "SAE": {
            "$array": [
                [
                    -0.11851148986816407
                ],
                [
                    -0.008019609451293945
                ],
                [
                    -0.12661000061035158
                ]
            ]
        },
        "SAJ": {
            "$array": [
                [
                    -0.09890869140625
                ],
                [
                    -0.0017967182397842407
                ],
                [
                    -0.12057844543457033
                ]
            ]
        },
        "SAT": {
            "$array": [
                [
                    -0.10765003967285157
                ],
                [
                    0.009538660049438477
                ],
                [
                    -0.12454190063476563
                ]
            ]
        },
        "SCT": {
            "$array": [
                [
                    -0.0847302474975586
                ],
                [
                    0.027936811447143554
                ],
                [
                    -0.1538330535888672
                ]
            ]
        },
        "SIA": {
            "$array": [
                [
                    -0.04061376190185547
                ],
                [
                    -0.06354743576049805
                ],
                [
                    -0.2695106811523437
                ]
            ]
        },
        "SRS": {
            "$array": [
                [
                    -0.013529657363891601
                ],
                [
                    -0.05588212585449219
                ],
                [
                    -0.16023007202148437
                ]
            ]
        },
        "SSA": {
            "$array": [
                [
                    -0.011443520545959473
                ],
                [
                    -0.017084642410278322
                ],
                [
                    -0.13465066528320313
                ]
            ]
        }
    },
    "data_compo": {
        "SAA": {
            "$array": [
                [
                    -0.0419552293888124,
                    -0.01226843575035,
                    0.0934172477458566
                ],
                [
                    -0.0422435973055315,
                    -0.0125355902652287,
                    0.0935289594198298
                ],
                [
                    -0.0421012694021635,
                    -0.0124313411133566,
                    0.0934581402176412
                ],
                [
                    -0.042315404730188,
                    -0.0125756125928121,
                    0.0935925122048994
                ],
                [
                    -0.0421939319206797,
                    -0.0125475627403366,
                    0.0935176957325795
                ],
                [
                    -0.0424673704355656,
                    -0.0127536074820614,
                    0.093637906289668
                ],
                [
                    -0.0421470553597312,
                    -0.0124327676617841,
                    0.0934791354046489
                ],
                [
                    -0.0420044366816784,
                    -0.0121816800490592,
                    0.093434800114118
                ],
                [
                    -0.0424483292685216,
                    -0.0126964573674629,
                    0.0936321811745828
                ],
                [
                    -0.042141647891257,
                    -0.0125198906541328,
                    0.093496736467395
                ]
            ]
        },
        "SAE": {
            "$array": [
                [
                    -0.0554598975374326,
                    -0.0175539933749877,
                    0.1106936316580853
                ],
                [
                    -0.055347123270108,
                    -0.0173402056166883,
                    0.1106605475189317
                ],
                [
                    -0.0554583514759528,
                    -0.0175572225355626,
                    0.1106181348369743
                ],
                [
                    -0.0554762597509931,
                    -0.0173841794762598,
                    0.1106867063909824
                ],
                [
                    -0.0552051796638433,
                    -0.0170579676396298,
                    0.1106300309128497
                ],
                [
                    -0.0554105056276782,
                    -0.0173489599066967,
                    0.1107172446107782
                ],
                [
                    -0.0554476168977453,
                    -0.0174018489358375,
                    0.1106640910481134
                ],
                [
                    -0.055401019428859,
                    -0.0173605854482337,
                    0.1106040253121702
                ],
                [
                    -0.0553458237610303,
                    -0.0174314033848282,
                    0.110615618104413
                ],
                [
                    -0.0552104867325502,
                    -0.0170779999477587,
                    0.1105265808606755
                ]
            ]
        },