{
    "RT_compo2stl_init": {
        "R": {
            "$array": [
                -0.24625246391717381,
                0.4155501770796493,
                -2.278747144682785
            ]
        },
        "T": {
            "$array": [
                -0.08984471462478955,
                0.009489615710207407,
                -0.39490661155253803
            ]
        }
    },
    "RT_compo2stl_full": {
        "R": {
            "$array": [
                -0.22234118618317758,
                0.4125574395607322,
                -2.3303704550662028
            ]
        },
        "T": {
            "$array": [
                -0.08770257323219555,
                0.009404907677470577,
                -0.39528143966817614
            ]
        }
    },
    "data_stl": {
        "CAA": {
            "$array": [
                [
                    -0.06580880737304688
                ],
                [
                    -0.0006121782660484314
                ],
                [
                    -0.29745547485351564
                ]
            ]
        },
        "CAE": {
            "$array": [
                [
                    -0.027862537384033204
                ],
                [
                    0.0363253173828125
                ],
                [
                    -0.3144220886230469
                ]
            ]
        },
        "CAJ": {
            "$array": [
                [
                    -0.08366553497314454
                ],
                [
                    -0.010721343040466309
                ],
                [
                    -0.29139639282226565
                ]
            ]
        },
        "CAS": {
            "$array": [
                [
                    0.019421405792236328
                ],
                [
                    0.06367593765258789
                ],
                [
                    -0.3414698791503906
                ]
            ]
        },
        "CSJ": {
            "$array": [
                [
                    0.029447738647460937
                ],
                [
                    0.05528545379638672
                ],
                [
                    -0.3285505676269531
                ]
            ]
        }
    },
    "data_compo": {
        "CAA": {
            "$array": [
                [
                    -0.0098991856922334,
                    -0.0120285253746426,
                    0.0995024512561317
                ],
                [
                    -0.010042074532482,
                    -0.0118528624659612,
                    0.0994276341961068
                ],
                [
                    -0.0098996793484638,
                    -0.0120093950340604,
                    0.0994406504776536
                ],
                [
                    -0.0101093654133492,
                    -0.0117540604084547,
                    0.0994235697723875
                ],
                [
                    -0.0099177716086066,
                    -0.0119626949443149,
                    0.0994254927146071
                ],
                [
                    -0.0099684094195469,
                    -0.0118904183870723,
                    0.0994319995782569
                ],
                [
                    -0.0100568273307286,
                    -0.0118657612323483,
                    0.0994303150597844
                ],
                [
                    -0.0099154333543661,
                    -0.012039964762492,
                    0.0994427546461474
                ],
                [
                    -0.0100697874043511,
                    -0.0118314627019056,
                    0.0994578827134611
                ],
                [
                    -0.0101311566698958,
                    -0.0118105494193788,
                    0.0994461661378579
                ]
            ]
        },
        "CAE": {
            "$array": [
                [
                    -0.0591338606011212,
                    -0.0013937828041011,
                    0.0831245104681348
                ],
                [
                    -0.0590503610199178,
                    -0.0013044846009001,
                    0.083114703610833
                ],
                [
                    -0.0592971448732656,
                    -0.0014781777265817,
                    0.0831560886733601
                ],
                [
                    -0.0592901966949594,
                    -0.0014611099517097,
                    0.0831090549271511
                ],
                [
                    -0.0590166974173188,
                    -0.0012940349267012,
                    0.0831494571880178
                ],
                [
                    -0.0591888233109013,
                    -0.0013911372182138,
                    0.0831095620640936
                ],
                [
                    -0.0592169712737579,
                    -0.001486359846374,
                    0.0832537652812418
                ],
                [
                    -0.0591506161487371,
                    -0.0013780002186751,
                    0.0831797370239557
                ],
                [
                    -0.0587558039484461,
                    -0.0011268488980047,
                    0.0830508516954683
                ],
                [
                    -0.0591154008003328,
                    -0.0013754840092533,
                    0.0831248940865651
                ]
            ]
        },
        "CAJ": {
            "$array": [
                [
                    0.0154615118341181,
                    -0.0231664221873001,
                    0.1034435617466136
                ],
                [
                    0.0152479435044223,
                    -0.0231267425147655,
                    0.1033788345085491
                ],
                [
                    0.015568898903464,
                    -0.0231066635457669,
                    0.1034870605958527
                ],
                [
                    0.0146957975408605,
                    -0.0232444562819582,
                    0.10306344470075
                ],
                [
                    0.0153253900429333,
                    -0.0231224581528107,
                    0.1034153047403304
                ],
                [
                    0.0148391562801196,
                    -0.0231487663739887,
                    0.1031036958264943
                ],
                [
                    0.0151680734267797,
                    -0.0230915265568566,
                    0.1033478740880655
                ],
                [
                    0.0152797580229546,
                    -0.0230608579479518,
                    0.103370185311437
                ],
                [
                    0.0149951246957694,
                    -0.0230929704650906,
                    0.103256221056829
                ],
                [
                    0.0152493804924827,
                    -0.0230398953330806,
                    0.1033489666773171
                ]
            ]
        },