{
    "RT_compo2stl_init": {
        "R": {
            "$array": [
                -0.3819969685010682,
                0.04869934700196662,
                -0.21710982037700266
            ]
        },
        "T": {
            "$array": [
                -0.09677253823004626,
                0.03608758028295059,
                -0.4620543887383629
            ]
        }
    },
    "RT_compo2stl_full": {
        "R": {
            "$array": [
                -1.2913670734054878,
                0.02057754982729771,
                0.2762206282228749
            ]
        },
        "T": {
            "$array": [
                -0.10626857809220842,
                -0.067509267936546,
                -0.5602526210507178
            ]
        }
    },
    "data_stl": {
        "HGT": {
            "$array": [
                [
                    -0.12272727966308594
                ],
                [
                    0.015740686416625977
                ],
                [
                    -0.31717398071289066
                ]
            ]
        },
        "HLT": {
            "$array": [
                [
                    -0.08739503479003906
                ],
                [
                    0.009761031150817874
                ],
                [
                    -0.3284066772460937
                ]
            ]
        }
    },
    "data_compo": {
        "HGT": {
            "$array": [
                [
                    -0.0213809578581737,
                    -0.0765396439402072,
                    0.1245403929397261
                ],
                [
                    -0.0211729115184592,
                    -0.0765716382921482,
                    0.1245315129551836
                ],
                [
                    -0.0212554410557728,
                    -0.0765197416281019,
                    0.1242562436088973
                ],
                [
                    -0.0213712490479701,
                    -0.0765621102183858,
                    0.1242510493998462
                ],
                [
                    -0.0214349560411455,
                    -0.076499850524543,
                    0.1241689036452506
                ],
                [
                    -0.0215252851858461,
                    -0.0764984778249306,
                    0.1240952227248047
                ],
                [
                    -0.0215963135179186,
                    -0.0765060107197361,
                    0.1240287803568449
                ],
                [
                    -0.0216627233669146,
                    -0.0765530308688375,
                    0.1241180712742
                ],
                [
                    -0.0215367237436233,
                    -0.0765577574427823,
                    0.124245050938877
                ],
                [
                    -0.0212878705697436,
                    -0.0764782822873293,
                    0.124231589627838
                ]
            ]
        },
        "HLT": {
            "$array": [
                [
                    0.0148634862153491,
                    -0.0704546325165089,
                    0.1144110569234265
                ],
                [
                    0.0156173560011525,
                    -0.0705220273249824,
                    0.1146608970621926
                ],
                [
                    0.0158742614686675,
                    -0.070469064215826,
                    0.1146711779222375
                ],
                [
                    0.0156264089455349,
                    -0.0704915944360429,
                    0.1146323098475115
                ],
                [
                    0.0148478369851305,
                    -0.0705323205680594,
                    0.1144861310319758
                ],
                [
                    0.0153961496473092,
                    -0.0704952087597912,
                    0.1145537468907794
                ],
                [
                    0.0151922397301341,
                    -0.0705536879575662,
                    0.114562383586606
                ],
                [
                    0.0151725551259213,
                    -0.0705391036908389,
                    0.1145376411799072
                ],
                [
                    0.0149951628497566,
                    -0.0704380925835291,
                    0.1145435000434075
                ],
                [
                    0.0148573922013638,
                    -0.0704603632482462,
                    0.1143962262878752
                ]
            ]
        }
    }
}