{
    "RT_compo2stl_init": {
        "R": {
            "$array": [
                -0.35927917656844466,
                0.5910129628446164,
                -1.1001703508928358
            ]
        },
        "T": {
            "$array": [
                -0.10219891482255476,
                0.0014774796897670255,
                -0.21634052199819526
            ]
        }
    },
    "RT_compo2stl_full": {
        "R": {
            "$array": [
                -0.39344243067530116,
                0.4709808125741351,
                -1.1083275238840964
            ]
        },
        "T": {
            "$array": [
                -0.09534263163337763,
                -0.0055532568397227535,
                -0.22035519788478547
            ]
        }
    },
    "data_stl": {
        "CAA": {
            "$array": [
                [
                    -0.04504063034057617
                ],
                [
                    0.011685214042663575
                ],
                [
                    -0.1305495147705078
                ]
            ]
        },
        "CAE": {
            "$array": [
                [
                    -0.010167749404907228
                ],
                [
                    0.044944217681884766
                ],
                [
                    -0.1651383056640625
                ]
            ]
        },
        "CAJ": {
            "$array": [
                [
                    -0.0630582504272461
                ],
                [
                    0.001891188383102417
                ],
                [
                    -0.11782355499267579
                ]
            ]
        },
        "CAS": {
            "$array": [
                [
                    0.026718860626220704
                ],
                [
                    0.06633126831054688
                ],
                [
                    -0.19735926818847657
                ]
            ]
        },
        "CSJ": {
            "$array": [
                [
                    0.046933448791503914
                ],
                [
                    0.06047261810302734
                ],
                [
                    -0.18629200744628904
                ]
            ]
        }
    },
    "data_compo": {
        "CAA": {
            "$array": [
                [
                    -0.0109063604350654,
                    -7.500601739546253e-05,
                    0.1034333876573608
                ],
                [
                    -0.0110082310716871,
                    -1.5684478288036097e-05,
                    0.1034260846790961
                ],
                [
                    -0.0109208492668485,
                    -6.727922099020178e-05,
                    0.1034401157926173
                ],
                [
                    -0.0109544824194414,
                    -6.561420571637999e-05,
                    0.1034859055146354
                ],
                [
                    -0.011248692343568,
                    0.0001401102063601,
                    0.1036322339455704
                ],
                [
                    -0.0110711989955495,
                    2.1052231069518253e-09,
                    0.1037804038632652
                ],
                [
                    -0.0106176157819883,
                    -0.0002096934009486,
                    0.1036622925008883
                ],
                [
                    -0.010790899097648,
                    -0.0001622970995076,
                    0.1037011181488977
                ],
                [
                    -0.0110885408833386,
                    -9.595353130753548e-05,
                    0.1036801496782795
                ],
                [
                    -0.0106990693254157,
                    -0.0003517315393276,
                    0.1036436622669145
                ]
            ]
        },
        "CAE": {
            "$array": [
                [
                    -0.022304945822791,
                    0.0634149926958588,
                    0.094902685958348
                ],
                [
                    -0.022304945822791,
                    0.0634149926958588,
                    0.094902685958348
                ],
                [
                    -0.0223469112491572,
                    0.0634894818900861,
                    0.0950406402367788
                ],
                [
                    -0.0225848770782824,
                    0.0635922915792351,
                    0.0951194476839821
                ],
                [
                    -0.0226147483829584,
                    0.0635971300017159,
                    0.0950511336915912
                ],
                [
                    -0.0227199396323863,
                    0.0636280989968654,
                    0.0951053857720042
                ],
                [
                    -0.0225464865259625,
                    0.0636772396221168,
                    0.0950680834674027
                ],
                [
                    -0.0225934971699903,
                    0.0636850989315381,
                    0.0950935798188015
                ],
                [
                    -0.0228101477491257,
                    0.063765453556564,
                    0.0951884379104197
                ],
                [
                    -0.0226005974985097,
                    0.0636511536205078,
                    0.0950982126540111
                ]
            ]
        },
        "CAJ": {
            "$array": [
                [
                    -0.0146716536692761,
                    -0.0304289723291517,
                    0.1015392279893487
                ],
                [
                    -0.0146716536692761,
                    -0.0304289723291517,
                    0.1015392279893487
                ],
                [
                    -0.0144601857508349,
                    -0.0304919835144273,
                    0.1015621477709181
                ],
                [
                    -0.0144601857508349,
                    -0.0304919835144273,
                    0.1015621477709181
                ],
                [
                    -0.01514722020216,
                    -0.0301783028128548,
                    0.1015044739023598
                ],
                [
                    -0.0149859214101072,
                    -0.0303893773515454,
                    0.1017845122289703
                ],
                [
                    -0.0151037149173615,
                    -0.0303535222697849,
                    0.1018069649860232
                ],
                [
                    -0.0147827260633554,
                    -0.030430681255648,
                    0.1017763268802989
                ],
                [
                    -0.0147827260633554,
                    -0.030430681255648,
                    0.1017763268802989
                ],
                [
                    -0.0151265322723246,
                    -0.0302647569833814,
                    0.1017562430311699
                ]
            ]
        },