{
    "RT_compo2stl_init": {
        "R": {
            "$array": [
                -1.1169872204378035,
                1.0804696282893,
                0.5364143433507235
            ]
        },
        "T": {
            "$array": [
                -0.06865337041522582,
                -0.10658846535390389,
                -0.1563085336124689
            ]
        }
    },
    "RT_compo2stl_full": {
        "R": {
            "$array": [
                -1.1421920042483649,
                1.1881762009217307,
                0.472368799960214
            ]
        },
        "T": {
            "$array": [
                -0.08701181953654004,
                -0.10329432538072399,
                -0.13667138954150565
            ]
        }
    },
    "data_stl": {
        "SAA": {
            "$array": [
                [
                    -0.08267512512207031
                ],
                [
                    0.003673618078231812
                ],
                [
                    -0.14226420593261718
                ]
            ]
        },
        "SAE": {
            "$array": [
                [
                    -0.07985060119628906
                ],
                [
                    0.02692806625366211
                ],
                [
                    -0.13984609985351562
                ]
            ]
        },
        "SAJ": {
            "$array": [
                [
                    -0.0576697998046875
                ],
                [
                    0.02171439743041992
                ],
                [
                    -0.13404083251953125
                ]
            ]
        },
        "SAT": {
            "$array": [
                [
                    -0.0635924072265625
                ],
                [
                    0.035769981384277345
                ],
                [
                    -0.14423641967773437
                ]
            ]
        },
        "SCT": {
            "$array": [
                [
                    -0.04461552429199219
                ],
                [
                    0.047119709014892576
                ],
                [
                    -0.17366458129882814
                ]
            ]
        },
        "SIA": {
            "$array": [
                [
                    -0.031000396728515626
                ],
                [
                    -0.07099338531494141
                ],
                [
                    -0.2670682678222656
                ]
            ]
        },
        "SRS": {
            "$array": [
                [
                    -0.0006729661226272583
                ],
                [
                    -0.05314820098876953
                ],
                [
                    -0.16677049255371093
                ]
            ]
        },
        "SSA": {
            "$array": [
                [
                    0.018823223114013674
                ],
                [
                    -0.016349411010742186
                ],
                [
                    -0.15362661743164063
                ]
            ]
        }
    },
    "data_compo": {
        "SAA": {
            "$array": [
                [
                    -0.0280998822694863,
                    0.0272466300435961,
                    0.0962029646339582
                ],
                [
                    -0.0279266381777939,
                    0.0272380606301964,
                    0.0962121446218384
                ],
                [
                    -0.0278173781367642,
                    0.027079188244362,
                    0.0961331581554896
                ],
                [
                    -0.0278953268469888,
                    0.0270604911363465,
                    0.0961716007936227
                ],
                [
                    -0.0280900653444987,
                    0.0271628614107582,
                    0.0963040729977063
                ],
                [
                    -0.028144845656557,
                    0.0271283823999584,
                    0.0962783221787069
                ],
                [
                    -0.0282076304342184,
                    0.0272984220427184,
                    0.0961875200937803
                ],
                [
                    -0.0273102790274971,
                    0.0271425999936853,
                    0.0960805132745308
                ],
                [
                    -0.0276685655353026,
                    0.0271314551980918,
                    0.0962478025797319
                ],
                [
                    -0.0278552469815407,
                    0.0271519518695028,
                    0.0962601792954744
                ]
            ]
        },
        "SAE": {
            "$array": [
                [
                    -0.0355314269874784,
                    0.0379126518262021,
                    0.115228434668958
                ],
                [
                    -0.0352466410578128,
                    0.0379239775185246,
                    0.115363404777558
                ],
                [
                    -0.0352300001242911,
                    0.0379583545661921,
                    0.1152957524536539
                ],
                [
                    -0.0355578075042817,
                    0.0380228670220834,
                    0.1153945851446187
                ],
                [
                    -0.0352409264146053,
                    0.0379548634609414,
                    0.1153167183624144
                ],
                [
                    -0.0351136859533769,
                    0.0378395241649082,
                    0.115197192894818
                ],
                [
                    -0.0354973915914648,
                    0.037787222083274,
                    0.1151941575125418
                ],
                [
                    -0.0350093593058649,
                    0.0379360589066068,
                    0.1151771336212826
                ],
                [
                    -0.035291003154229,
                    0.0379574685133554,
                    0.1151872834933414
                ],
                [
                    -0.0355777573479612,
                    0.037875034313672,
                    0.1152641480912176
                ]
            ]
        },