{
    "RT_compo2stl_init": {
        "R": {
            "$array": [
                -0.2269043790840774,
                0.32440286580119243,
                -0.8182008467505125
            ]
        },
        "T": {
            "$array": [
                -0.10238320698473156,
                0.005535825965157684,
                -0.22772020924649805
            ]
        }
    },
    "RT_compo2stl_full": {
        "R": {
            "$array": [
                -0.23628589751067958,
                0.3091967500327186,
                -0.8470479754557129
            ]
        },
        "T": {
            "$array": [
                -0.1039203794972127,
                0.005785556765512794,
                -0.2266366903299445
            ]
        }
    },
    "data_stl": {
        "CAA": {
            "$array": [
                [
                    -0.06962967681884766
                ],
                [
                    0.017210403442382814
                ],
                [
                    -0.13016819763183593
                ]
            ]
        },
        "CAE": {
            "$array": [
                [
                    -0.03020729637145996
                ],
                [
                    0.05284027099609375
                ],
                [
                    -0.1549373779296875
                ]
            ]
        },
        "CAJ": {
            "$array": [
                [
                    -0.09149839019775391
                ],
                [
                    -0.0004223029315471649
                ],
                [
                    -0.11917180633544922
                ]
            ]
        },
        "CAS": {
            "$array": [
                [
                    0.013332605361938477
                ],
                [
                    0.07887174987792969
                ],
                [
                    -0.17766316223144532
                ]
            ]
        },
        "CSJ": {
            "$array": [
                [
                    0.022723785400390627
                ],
                [
                    0.07467383575439453
                ],
                [
                    -0.1699490966796875
                ]
            ]
        }
    },
    "data_compo": {
        "CAA": {
            "$array": [
                [
                    -0.0054836116177676,
                    -0.0040932683881571,
                    0.1037166536075246
                ],
                [
                    -0.0054836116177676,
                    -0.0040932683881571,
                    0.1037166536075246
                ],
                [
                    -0.005426334530158,
                    -0.0041228592953875,
                    0.1037182666713824
                ],
                [
                    -0.0053049070455849,
                    -0.004099748921783,
                    0.1036294270533675
                ],
                [
                    -0.0060256338352586,
                    -0.0042240364958451,
                    0.1035321398384118
                ],
                [
                    -0.005277041729616,
                    -0.0040624493265735,
                    0.1037309763439113
                ],
                [
                    -0.0055365409374212,
                    -0.0041487446431926,
                    0.1036248442142901
                ],
                [
                    -0.0053613956731426,
                    -0.0040906870908087,
                    0.1036430348388297
                ],
                [
                    -0.0056031270556078,
                    -0.0041799841724466,
                    0.1036522439575206
                ],
                [
                    -0.0054267416653875,
                    -0.0041582999609196,
                    0.1036371740308577
                ]
            ]
        },
        "CAE": {
            "$array": [
                [
                    -0.003185125068172,
                    0.0606433375714518,
                    0.0952488706844489
                ],
                [
                    -0.003185125068172,
                    0.0606433375714518,
                    0.0952488706844489
                ],
                [
                    -0.0032009143099107,
                    0.0606346410166124,
                    0.0952391996136141
                ],
                [
                    -0.0030752244915283,
                    0.0606107103265477,
                    0.0953570509093245
                ],
                [
                    -0.0029927515491708,
                    0.060653484465264,
                    0.0952780788551164
                ],
                [
                    -0.0031254022194704,
                    0.0605069060810504,
                    0.0951173989041082
                ],
                [
                    -0.0029749014639063,
                    0.0605616962262549,
                    0.0952407689180936
                ],
                [
                    -0.0030431397863045,
                    0.060444568068552,
                    0.0952457294128336
                ],
                [
                    -0.0031176225703845,
                    0.0603634527110834,
                    0.0952659959240593
                ],
                [
                    -0.0033280348549995,
                    0.0602598268435417,
                    0.0951884222665602
                ]
            ]
        },
        "CAJ": {
            "$array": [
                [
                    -0.010547136995318,
                    -0.0341608160178183,
                    0.1054626635503729
                ],
                [
                    -0.010547136995318,
                    -0.0341608160178183,
                    0.1054626635503729
                ],
                [
                    -0.0117049912525049,
                    -0.0339231250507077,
                    0.1054088845902409
                ],
                [
                    -0.0103820895465566,
                    -0.0342053820270781,
                    0.1055313110149764
                ],
                [
                    -0.0111304484361786,
                    -0.0339824937527371,
                    0.1055397685285119
                ],
                [
                    -0.0109316563304739,
                    -0.0340442083268021,
                    0.1055530111418304
                ],
                [
                    -0.0115657287971114,
                    -0.0338465878121895,
                    0.1055042040697036
                ],
                [
                    -0.0112174824641899,
                    -0.0339307215739466,
                    0.1055500618211484
                ],
                [
                    -0.011453495750855,
                    -0.0339024127136827,
                    0.1055314354521341
                ],
                [
                    -0.0112418780903775,
                    -0.0338951296113736,
                    0.1056006689027678
                ]
            ]
        },