{
    "RT_compo2stl_init": {
        "R": {
            "$array": [
                -1.102007552891054,
                1.0169545350220346,
                1.7176069987139144
            ]
        },
        "T": {
            "$array": [
                0.06514977472642923,
                -0.12144641953543733,
                -0.14243110412838175
            ]
        }
    },
    "RT_compo2stl_full": {
        "R": {
            "$array": [
                -1.1416770459870895,
                1.0768003782377908,
                1.7249770221429592
            ]
        },
        "T": {
            "$array": [
                0.07090545360756852,
                -0.12040153558964636,
                -0.13691193574189844
            ]
        }
    },
    "data_stl": {
        "SAA": {
            "$array": [
                [
                    0.08375779724121094
                ],
                [
                    -0.029659381866455083
                ],
                [
                    -0.11219061279296877
                ]
            ]
        },
        "SAE": {
            "$array": [
                [
                    0.09759609985351562
                ],
                [
                    -0.011430546760559082
                ],
                [
                    -0.1078826904296875
                ]
            ]
        },
        "SAJ": {
            "$array": [
                [
                    0.0775527114868164
                ],
                [
                    0.0023347861766815185
                ],
                [
                    -0.09796923828125
                ]
            ]
        },
        "SAT": {
            "$array": [
                [
                    0.08962890625
                ],
                [
                    0.01141388511657715
                ],
                [
                    -0.10660398101806641
                ]
            ]
        },
        "SCT": {
            "$array": [
                [
                    0.07014234924316406
                ],
                [
                    0.02927918243408203
                ],
                [
                    -0.13130999755859377
                ]
            ]
        },
        "SIA": {
            "$array": [
                [
                    -0.00573224687576294
                ],
                [
                    -0.061715503692626954
                ],
                [
                    -0.22327227783203127
                ]
            ]
        },
        "SRS": {
            "$array": [
                [
                    -0.014480267524719238
                ],
                [
                    -0.04453081893920898
                ],
                [
                    -0.1221136474609375
                ]
            ]
        },
        "SSA": {
            "$array": [
                [
                    -0.0156643762588501
                ],
                [
                    -0.012478280067443849
                ],
                [
                    -0.10388274383544922
                ]
            ]
        }
    },
    "data_compo": {
        "SAA": {
            "$array": [
                [
                    -0.014240404600406,
                    -0.0390465698380058,
                    0.0872757563963114
                ],
                [
                    -0.0137931305539387,
                    -0.0385520319991419,
                    0.0871759377576588
                ],
                [
                    -0.0138859398291347,
                    -0.0386408210419005,
                    0.0872195479227863
                ],
                [
                    -0.0143844205026812,
                    -0.0391312926036846,
                    0.0872960164131597
                ],
                [
                    -0.0140492211484212,
                    -0.0389172223832383,
                    0.0873403400286427
                ],
                [
                    -0.0144028515377631,
                    -0.039170326958415,
                    0.0872906851176777
                ],
                [
                    -0.0139443681535775,
                    -0.038721884052892,
                    0.0872278459572179
                ],
                [
                    -0.0140341997244105,
                    -0.0388526816303393,
                    0.0872924309883796
                ],
                [
                    -0.0138938783868834,
                    -0.0387640059269676,
                    0.0872985680206741
                ],
                [
                    -0.014013821211501,
                    -0.0388230049777689,
                    0.087299898859852
                ]
            ]
        },
        "SAE": {
            "$array": [
                [
                    -0.0175626611490119,
                    -0.0579687902889325,
                    0.1036769426132349
                ],
                [
                    -0.0173412395551615,
                    -0.0576437714089171,
                    0.1035612338142413
                ],
                [
                    -0.0173409376412528,
                    -0.0578079987881658,
                    0.1035584573101039
                ],
                [
                    -0.0172026483381306,
                    -0.057560557463692,
                    0.1034521541310571
                ],
                [
                    -0.0173699733690924,
                    -0.0577438608863395,
                    0.1036064104035336
                ],
                [
                    -0.017227214813411,
                    -0.0576864784976978,
                    0.1035014074515547
                ],
                [
                    -0.0174323985699574,
                    -0.0578515886079697,
                    0.1036031030537256
                ],
                [
                    -0.0176092719022056,
                    -0.0581054572176492,
                    0.1037355890244713
                ],
                [
                    -0.0172850315181017,
                    -0.0576452169334019,
                    0.1035126681351358
                ],
                [
                    -0.017276316076487,
                    -0.0576135705555306,
                    0.1034870376633267
                ],
                [
                    -0.017144028863341,
                    -0.0578363962846665,
                    0.103512946426086
                ],
                [
                    -0.0172618942400058,
                    -0.0580278442384678,
                    0.1036866484515659
                ]
            ]
        },