{
    "RT_compo2stl_init": {
        "R": {
            "$array": [
                0.34675328241657544,
                0.8858816797104734,
                -1.193710682707814
            ]
        },
        "T": {
            "$array": [
                0.029175842832376196,
                0.13841172141771393,
                -0.1763477173139504
            ]
        }
    },
    "RT_compo2stl_full": {
        "R": {
            "$array": [
                0.5601221036128066,
                1.3478493735455286,
                -0.9492289367089347
            ]
        },
        "T": {
            "$array": [
                0.02833344440527908,
                0.10817346233717622,
                -0.1790953844789531
            ]
        }
    },
    "data_stl": {
        "HGT": {
            "$array": [
                [
                    0.1013094253540039
                ],
                [
                    0.02121476173400879
                ],
                [
                    -0.13503245544433595
                ]
            ]
        },
        "HLT": {
            "$array": [
                [
                    0.06788741302490235
                ],
                [
                    0.016570878982543946
                ],
                [
                    -0.14045521545410156
                ]
            ]
        }
    },
    "data_compo": {
        "HGT": {
            "$array": [
                [
                    0.0526837772178382,
                    0.0134254209967156,
                    0.1312358348728673
                ],
                [
                    0.0523976630531716,
                    0.0142213884447164,
                    0.1314305507338649
                ],
                [
                    0.0527824288255054,
                    0.0129537301881279,
                    0.1311991728574669
                ],
                [
                    0.0527570851900782,
                    0.0133574976630503,
                    0.1312344473703546
                ],
                [
                    0.0522110593963559,
                    0.0144264898931134,
                    0.1314302587149521
                ],
                [
                    0.0525512019255612,
                    0.0136842272154089,
                    0.1312953864779561
                ],
                [
                    0.0524726396631557,
                    0.0140710278622759,
                    0.1313901198165893
                ],
                [
                    0.0525414004208142,
                    0.0136047837233155,
                    0.131338742468921
                ],
                [
                    0.0527700768170658,
                    0.0133837397745996,
                    0.1312213843199287
                ],
                [
                    0.0526353144507215,
                    0.0136610805174254,
                    0.131234334256562
                ]
            ]
        },
        "HLT": {
            "$array": [
                [
                    0.0565315302426834,
                    -0.0174151646958941,
                    0.1172029841477872
                ],
                [
                    0.0565427212819066,
                    -0.0173895096800984,
                    0.1172359612231727
                ],
                [
                    0.0565114130655787,
                    -0.0169991253661386,
                    0.1172933215887171
                ],
                [
                    0.056593072746936,
                    -0.0169957192747046,
                    0.1173498667984977
                ],
                [
                    0.0567057998789807,
                    -0.0175300294938498,
                    0.1172353724883677
                ],
                [
                    0.056593173467129,
                    -0.0169391167903147,
                    0.1172944670088583
                ],
                [
                    0.0566379160785926,
                    -0.0174754283997955,
                    0.1172046233552572
                ],
                [
                    0.0566411512186722,
                    -0.017418890426004,
                    0.1171824602617692
                ],
                [
                    0.0564442716692856,
                    -0.0174373551486942,
                    0.117175072045593
                ],
                [
                    0.0564621191112011,
                    -0.0173350256198129,
                    0.1170591492006416
                ]
            ]
        }
    }
}