{
    "RT_compo2stl_init": {
        "R": {
            "$array": [
                -0.2690638952063326,
                -0.1344636450941135,
                -0.08715542688150914
            ]
        },
        "T": {
            "$array": [
                -0.07523644445439852,
                0.06306790329433486,
                -0.27951630867148775
            ]
        }
    },
    "RT_compo2stl_full": {
        "R": {
            "$array": [
                -1.266105878566859,
                0.17233018188616214,
                0.44561000468423295
            ]
        },
        "T": {
            "$array": [
                -0.116422631549877,
                -0.10102742016753187,
                -0.2571462735766813
            ]
        }
    },
    "data_stl": {
        "HGT": {
            "$array": [
                [
                    -0.10757347869873049
                ],
                [
                    0.02011232566833496
                ],
                [
                    -0.13726686096191407
                ]
            ]
        },
        "HLT": {
            "$array": [
                [
                    -0.07601758575439453
                ],
                [
                    0.017562929153442382
                ],
                [
                    -0.1566182403564453
                ]
            ]
        }
    },
    "data_compo": {
        "HGT": {
            "$array": [
                [
                    -0.0074553852228544,
                    -0.0800033920976293,
                    0.1271565100917376
                ],
                [
                    -0.0074588878229044,
                    -0.0801542333411952,
                    0.1271720636260062
                ],
                [
                    -0.0076638826719893,
                    -0.0801766400638298,
                    0.1271409551341821
                ],
                [
                    -0.00750814303972,
                    -0.080102705764417,
                    0.127208710831512
                ],
                [
                    -0.0075884349093265,
                    -0.0801581305231419,
                    0.1271309061251007
                ],
                [
                    -0.0075212658251884,
                    -0.0800564255398041,
                    0.1271510743233468
                ],
                [
                    -0.0073946188857811,
                    -0.0799472184570229,
                    0.1271403511047997
                ],
                [
                    -0.00731141016686,
                    -0.0798546924412858,
                    0.1270795584295397
                ],
                [
                    -0.0075796104434217,
                    -0.0800053725628527,
                    0.1270985516781945
                ],
                [
                    -0.0076622685311337,
                    -0.0800877403699305,
                    0.1271223787125908
                ]
            ]
        },
        "HLT": {
            "$array": [
                [
                    0.020682125162624,
                    -0.0742738461278346,
                    0.1045554477534656
                ],
                [
                    0.0204054975913522,
                    -0.07439456268628,
                    0.1045579326974659
                ],
                [
                    0.0207170546311511,
                    -0.0741688769484413,
                    0.10461683914194
                ],
                [
                    0.0206203110495478,
                    -0.0741779901252929,
                    0.1046390209087642
                ],
                [
                    0.0204398746796196,
                    -0.0743633667831875,
                    0.1046108638136314
                ],
                [
                    0.0207300315046261,
                    -0.0742037895724667,
                    0.1045704579015619
                ],
                [
                    0.0204824688048537,
                    -0.0743593731206861,
                    0.1045417709251362
                ],
                [
                    0.0205077067576017,
                    -0.0743574735807938,
                    0.1045403954328228
                ],
                [
                    0.0203193241561537,
                    -0.0744645405649597,
                    0.1045161347991411
                ],
                [
                    0.0203222747547993,
                    -0.0744843576951074,
                    0.1045203424210751
                ]
            ]
        }
    }
}