{
    "RT_compo2stl_init": {
        "R": {
            "$array": [
                0.20887722377246912,
                -0.3750956041857723,
                0.2347302103692248
            ]
        },
        "T": {
            "$array": [
                -0.0740022459958344,
                0.1228524266643536,
                -0.24961915865345588
            ]
        }
    },
    "RT_compo2stl_full": {
        "R": {
            "$array": [
                1.5100597333823347,
                0.21904240400810399,
                0.5087915290129503
            ]
        },
        "T": {
            "$array": [
                -0.1737557085830817,
                0.08879912162821378,
                -0.2592445632342933
            ]
        }
    },
    "data_stl": {
        "HGT": {
            "$array": [
                [
                    -0.13080763244628907
                ],
                [
                    0.02148394775390625
                ],
                [
                    -0.1530496063232422
                ]
            ]
        },
        "HLT": {
            "$array": [
                [
                    -0.10125604248046877
                ],
                [
                    0.024465837478637693
                ],
                [
                    -0.15956324768066407
                ]
            ]
        }
    },
    "data_compo": {
        "HGT": {
            "$array": [
                [
                    -0.0357300402981175,
                    -0.0668430423301446,
                    0.1320161110731154
                ],
                [
                    -0.0354022213056914,
                    -0.0668307237846233,
                    0.1319817752365742
                ],
                [
                    -0.0356623488560529,
                    -0.0668625322282253,
                    0.1320398372995737
                ],
                [
                    -0.0356712020639897,
                    -0.0668598104425092,
                    0.132023800098215
                ],
                [
                    -0.0356278969002962,
                    -0.0669007851285049,
                    0.1319114012314527
                ],
                [
                    -0.0356741185991863,
                    -0.0668835760841043,
                    0.1319562211732728
                ],
                [
                    -0.0356345192452792,
                    -0.0668292371180083,
                    0.1319933346434663
                ],
                [
                    -0.0358918592165817,
                    -0.0668449114494445,
                    0.1320298421594418
                ],
                [
                    -0.0359624037742789,
                    -0.0668820377420011,
                    0.1320591579068103
                ],
                [
                    -0.0358617083604466,
                    -0.0668366464102998,
                    0.1320132672409402
                ]
            ]
        },
        "HLT": {
            "$array": [
                [
                    -0.0071936649696696,
                    -0.0738757533780038,
                    0.1134679294065874
                ],
                [
                    -0.0072714260429462,
                    -0.0738728416604045,
                    0.1134535833109672
                ],
                [
                    -0.006974992727703,
                    -0.0738572535855858,
                    0.11340620243499
                ],
                [
                    -0.0069543252695094,
                    -0.0738355467487737,
                    0.1134366006289946
                ],
                [
                    -0.0071963685353112,
                    -0.0738856891213716,
                    0.1134110129020563
                ],
                [
                    -0.0066728226582846,
                    -0.0738332430739058,
                    0.1134441653911071
                ],
                [
                    -0.0069171541173457,
                    -0.0738796193349656,
                    0.1133771851884407
                ],
                [
                    -0.0073163030413591,
                    -0.0739308513459846,
                    0.1133604638065612
                ],
                [
                    -0.0072579850186037,
                    -0.0739241638024532,
                    0.1133207050712319
                ],
                [
                    -0.0069093337469054,
                    -0.0738830834871672,
                    0.1132993786178388
                ]
            ]
        }
    }
}